model,price_now,mrp_before,discount_pct,deliverable_560072,delivery,rating,num_ratings,link
Lloyd 195 L Direct Cool Single Door 3 Star Refrigerator,16929,42390,60,yes,"Delivery in 2 days, Sunday",,,https://www.flipkart.com/lloyd-195-l-direct-cool-single-door-3-star-refrigerator/p/itmda5998eb1a51c?pid=RFRHPFMM6NMAHGVD
Kenstar 183 L Direct Cool Single Door 2 Star Refrigerator,12290,26990,54,yes,"Delivery in 2 days, Sunday",4.2,492,https://www.flipkart.com/kenstar-183-l-direct-cool-single-door-2-star-refrigerator/p/itm8b098a35b545b?pid=RFRHNQSXEZERWDWN
Haier 240 L Frost Free Double Door Top Mount 2 Star Refrigerator,30190,59990,50,yes,"Delivery by Tomorrow, Saturday",,,https://www.flipkart.com/haier-240-l-frost-free-double-door-top-mount-2-star-refrigerator/p/itm61866567be417?pid=RFRGZXV4QPZH2DZ8
Kenstar 45 L Direct Cool Single Door 1 Star Refrigerator,6990,14999,53,yes,"Delivery by 13 Oct, Tuesday",4.3,107,https://www.flipkart.com/kenstar-45-l-direct-cool-single-door-1-star-refrigerator/p/itm8e1aba643d4bc?pid=RFRHPYFWVZAXUPAV
Voltas Beko 208 L Direct Cool Single Door 3 Star Refrigerator with Base Drawer,17990,37590,52,yes,"Delivery by 16 Oct, Friday",4.2,27,https://www.flipkart.com/voltas-beko-208-l-direct-cool-single-door-3-star-refrigerator-base-drawer/p/itmf995fd689c3d9?pid=RFRHHNV66FUGZECU
Voltas Beko 183 L Direct Cool Single Door 2 Star Refrigerator,13390,27990,52,yes,"Delivery by 18 Oct, Sunday",4.3,541,https://www.flipkart.com/voltas-beko-183-l-direct-cool-single-door-2-star-refrigerator/p/itme75f01382cc2a?pid=RFRHHNV68HNKSPVN
Voltas Beko 183 L Direct Cool Single Door 2 Star Refrigerator,13290,27990,53,yes,"Delivery by 18 Oct, Sunday",4.3,539,https://www.flipkart.com/voltas-beko-183-l-direct-cool-single-door-2-star-refrigerator/p/itm754f54899a67d?pid=RFRHHH5D82Y6HYHK
Voltas Beko 183 L Direct Cool Single Door 4 Star Refrigerator with Base Drawer,16490,34090,52,yes,"Delivery in 2 days, Sunday",4.2,148,https://www.flipkart.com/voltas-beko-183-l-direct-cool-single-door-4-star-refrigerator-base-drawer/p/itm10c1ea90f360d?pid=RFRHHNV6NHSZCTTZ
Voltas Beko 183 L Direct Cool Single Door 4 Star Refrigerator with Base Drawer,16490,34090,52,yes,"Delivery in 2 days, Sunday",4.4,194,https://www.flipkart.com/voltas-beko-183-l-direct-cool-single-door-4-star-refrigerator-base-drawer/p/itmbde46c182fa68?pid=RFRHHNV6RGFXBHVK
Kenstar 183 L Direct Cool Single Door 2 Star Refrigerator,12990,26990,52,yes,"Delivery in 2 days, Sunday",4.2,492,https://www.flipkart.com/kenstar-183-l-direct-cool-single-door-2-star-refrigerator/p/itm2077a106ee1eb?pid=RFRHNQSXJHCY5UMW
Kenstar 183 L Direct Cool Single Door 2 Star Refrigerator,12490,25990,52,yes,"Delivery by 14 Oct, Wednesday",4.2,492,https://www.flipkart.com/kenstar-183-l-direct-cool-single-door-2-star-refrigerator/p/itm202a4451cf2aa?pid=RFRHNQSXHTYGWH9B
Voltas Beko 183 L Direct Cool Single Door 4 Star Refrigerator with Base Drawer,16490,34090,52,yes,"Delivery in 2 days, Sunday",4.2,136,https://www.flipkart.com/voltas-beko-183-l-direct-cool-single-door-4-star-refrigerator-base-drawer/p/itm1993d59bae4ce?pid=RFRHHNV6HMB5UVUY
Voltas Beko 208 L Direct Cool Single Door 5 Star Refrigerator with Base Drawer,19490,40590,52,yes,"Delivery in 2 days, Sunday",,,https://www.flipkart.com/voltas-beko-208-l-direct-cool-single-door-5-star-refrigerator-base-drawer/p/itm173972267611f?pid=RFRHHNV6D79XWQYN
Voltas Beko 183 L Direct Cool Single Door 5 Star Refrigerator with Base Drawer,17490,34990,50,yes,"Delivery in 2 days, Sunday",4.3,76,https://www.flipkart.com/voltas-beko-183-l-direct-cool-single-door-5-star-refrigerator-base-drawer/p/itme49c580711881?pid=RFRHHNV6CG7HDMYH
Lloyd 185 L Direct Cool Single Door 3 Star Refrigerator,14990,36190,59,yes,"Delivery by 14 Oct, Wednesday",,,https://www.flipkart.com/lloyd-185-l-direct-cool-single-door-3-star-refrigerator/p/itm219f4a75d3c29?pid=RFRHP3YXP4P2A2QB
Voltas Beko 183 L Direct Cool Single Door 3 Star Refrigerator,15240,30090,49,yes,"Delivery by 17 Oct, Saturday",4.3,60,https://www.flipkart.com/voltas-beko-183-l-direct-cool-single-door-3-star-refrigerator/p/itm3fc6415795374?pid=RFRHHNV6ZN6YBFUZ
realme TechLife 100 L Direct Cool Single Door 1 Star Refrigerator,9290,17990,48,yes,"Delivery by 13 Oct, Tuesday",4.3,"1,768",https://www.flipkart.com/realme-techlife-100-l-direct-cool-single-door-1-star-refrigerator/p/itm57035181ea948?pid=RFRHZJ2ZTD4SG3HG
realme TechLife 180 L Direct Cool Single Door 2 Star Refrigerator,12790,24990,49,yes,"Delivery by 14 Oct, Wednesday",4.3,"1,768",https://www.flipkart.com/realme-techlife-180-l-direct-cool-single-door-2-star-refrigerator/p/itm1440a587890d4?pid=RFRHN4QFGCYYGBHJ
Voltas Beko 228 L Direct Cool Single Door 5 Star Refrigerator with Base Drawer,20490,39990,49,yes,"Delivery by 21 Oct, Wednesday",4.1,97,https://www.flipkart.com/voltas-beko-228-l-direct-cool-single-door-5-star-refrigerator-base-drawer/p/itmb09c8b2aa22ad?pid=RFRHHNV67XASHYVS
realme TechLife 180 L Direct Cool Single Door 2 Star Refrigerator,12790,24990,49,yes,"Delivery by 14 Oct, Wednesday",4.3,"1,768",https://www.flipkart.com/realme-techlife-180-l-direct-cool-single-door-2-star-refrigerator/p/itm7017522a7c231?pid=RFRHN4QFBWNBJGUW
Kenstar 182 L Direct Cool Single Door 1 Star Refrigerator,11990,22990,48,yes,"Delivery by 16 Oct, Friday",4.2,492,https://www.flipkart.com/kenstar-182-l-direct-cool-single-door-1-star-refrigerator/p/itm9c9d2b8870959?pid=RFRHNQSX4MTD84YC
Rockwell 46 L Direct Cool Single Door Refrigerator,10922,20621,47,yes,"Delivery by Tomorrow, Saturday",,,https://www.flipkart.com/rockwell-46-l-direct-cool-single-door-refrigerator/p/itmd1c63a8f5a1e7?pid=RFRHHXPFJA5ZRZAB
Billion 182 L Direct Cool Single Door 1 Star Refrigerator,11290,20990,46,yes,"Delivery by 14 Oct, Wednesday",,,https://www.flipkart.com/billion-182-l-direct-cool-single-door-1-star-refrigerator/p/itm8a3fa536bd7fe?pid=RFRHNQSXUQZKZHTF
Kenstar 92 L Direct Cool Single Door 1 Star Refrigerator,9090,16990,46,yes,"Delivery by 16 Oct, Friday",4.2,492,https://www.flipkart.com/kenstar-92-l-direct-cool-single-door-1-star-refrigerator/p/itm4b7ba13f0f6c4?pid=RFRHNQSXBMZZ8GNQ
Rockwell 45 L Direct Cool Single Door 2 Star Refrigerator,10123,18515,45,yes,"Delivery by 14 Oct, Wednesday",,,https://www.flipkart.com/rockwell-45-l-direct-cool-single-door-2-star-refrigerator/p/itm6cd1236b0e934?pid=RFRHNDJZX9KDFCYE
Billion 182 L Direct Cool Single Door 2 Star Refrigerator,13290,23990,45,yes,"Delivery by 14 Oct, Wednesday",,,https://www.flipkart.com/billion-182-l-direct-cool-single-door-2-star-refrigerator/p/itm6e7157a8592e4?pid=RFRHNQSXZ7AZUMDG
Billion 182 L Direct Cool Single Door 2 Star Refrigerator,13290,23990,45,yes,"Delivery by 14 Oct, Wednesday",,,https://www.flipkart.com/billion-182-l-direct-cool-single-door-2-star-refrigerator/p/itm47a1fa63a6af0?pid=RFRHNQSXHKGKXFK5
Billion 182 L Direct Cool Single Door 2 Star Refrigerator  with Toughened Glass Shelves and Large Vege...,12790,22990,44,yes,"Delivery by 14 Oct, Wednesday",4.3,"5,906",https://www.flipkart.com/billion-182-l-direct-cool-single-door-2-star-refrigerator-toughened-glass-shelves-large-vegetable-basket/p/itm6fc9c25ef8ddc?pid=RFRHKUNFN3GBH88J
Voltas Beko by A Tata Product 183 L Direct Cool Single Door 3 Star Refrigerator,13990,25190,44,yes,"Delivery in 2 days, Sunday",4.3,"14,057",https://www.flipkart.com/voltas-beko-tata-product-183-l-direct-cool-single-door-3-star-refrigerator/p/itm981c6b8923939?pid=RFRGQZYEXXGYAQWB
IFB 265 L Frost Free Double Door 1 Star Convertible Refrigerator,24779,44900,45,yes,"Delivery in 2 days, Sunday",,,https://www.flipkart.com/ifb-265-l-frost-free-double-door-1-star-convertible-refrigerator/p/itm21d3f54c3068e?pid=RFRHP9H2HBZCH3QD
BOSCH 187 L Direct Cool Single Door 3 Star Refrigerator,27390,27890,2,yes,"Delivery in 2 days, Sunday",,,https://www.flipkart.com/bosch-187-l-direct-cool-single-door-3-star-refrigerator/p/itmbf7f651c433cb?pid=RFRHMPEUTYMUAGBF
Billion 182 L Direct Cool Single Door 1 Star Refrigerator,12290,20990,41,yes,"Delivery by 14 Oct, Wednesday",,,https://www.flipkart.com/billion-182-l-direct-cool-single-door-1-star-refrigerator/p/itmb01dfaf40d3a9?pid=RFRHNQSXESFCSZSG
Haier 190 L Direct Cool Single Door 3 Star Refrigerator,14999,24490,39,yes,"Delivery in 2 days, Sunday",,,https://www.flipkart.com/haier-190-l-direct-cool-single-door-3-star-refrigerator/p/itm6a37eb8fdffa0?pid=RFRHZ2BZ7WTU7E6W
Godrej 244 L Frost Free Double Door 2 Star Refrigerator,27879,43390,36,yes,"Delivery in 2 days, Sunday",,,https://www.flipkart.com/godrej-244-l-frost-free-double-door-2-star-refrigerator/p/itm95826cb8a51e5?pid=RFRHM4ARNGH75YFA
Billion 92 L Direct Cool Single Door 1 Star Refrigerator,9099,14990,39,yes,"Delivery by 14 Oct, Wednesday",4.2,831,https://www.flipkart.com/billion-92-l-direct-cool-single-door-1-star-refrigerator/p/itm2d59746a240e6?pid=RFRHFHKKEGWRFTPR
"Haier 190 L Direct Cool Single Door 4 Star Refrigerator with Base Drawer  with Fast Ice Making, Easy C...",16690,27390,39,yes,"Delivery in 2 days, Sunday",4.4,"28,483",https://www.flipkart.com/haier-190-l-direct-cool-single-door-4-star-refrigerator-base-drawer-fast-ice-making-easy-clean-back-large-vegetable-box/p/itmc33d23a21f76a?pid=RFRHMG9VVYKZXT8D
Haier 237 L Frost Free Double Door 2 Star Convertible Refrigerator,28999,46090,37,yes,"Delivery by Tomorrow, Saturday",,,https://www.flipkart.com/haier-237-l-frost-free-double-door-2-star-convertible-refrigerator/p/itm3617bd3d5d7a2?pid=RFRHPGC5FRPDURHZ
Haier 270 L Frost Free Double Door Top Mount 2 Star Refrigerator,26900,43490,38,yes,"Delivery by Tomorrow, Saturday",,,https://www.flipkart.com/haier-270-l-frost-free-double-door-top-mount-2-star-refrigerator/p/itmc3e03863a3366?pid=RFRH95HMPPPE8CBT
Haier 240 L Frost Free Double Door 2 Star Refrigerator,25900,41790,38,yes,"Delivery by Tomorrow, Saturday",,,https://www.flipkart.com/haier-240-l-frost-free-double-door-2-star-refrigerator/p/itm392a04798ff95?pid=RFRHP9GWNTUWSBGZ
Haier 190 L Direct Cool Single Door 3 Star Refrigerator with Base Drawer,18599,30390,39,yes,"Delivery by Tomorrow, Saturday",,,https://www.flipkart.com/haier-190-l-direct-cool-single-door-3-star-refrigerator-base-drawer/p/itm163d7417eba52?pid=RFRHP9GWPTKAH56T
Haier 240 L Frost Free Double Door Top Mount 2 Star Refrigerator,28999,47090,38,yes,"Delivery by Tomorrow, Saturday",,,https://www.flipkart.com/haier-240-l-frost-free-double-door-top-mount-2-star-refrigerator/p/itm3e8dc5ac551e3?pid=RFRHFNSZGRWFEKGG
Haier 190 L Direct Cool Single Door 4 Star Refrigerator with Base Drawer,18490,29990,38,yes,"Delivery by Tomorrow, Saturday",,,https://www.flipkart.com/haier-190-l-direct-cool-single-door-4-star-refrigerator-base-drawer/p/itm49f8f85528ec0?pid=RFRHNAKGSHRG8E3F
"Haier 190 L Direct Cool Single Door 4 Star Refrigerator  with Fast Ice Making, Easy Clean Back, Large ...",15290,24390,37,yes,"Delivery by 13 Oct, Tuesday",4.4,"28,483",https://www.flipkart.com/haier-190-l-direct-cool-single-door-4-star-refrigerator-fast-ice-making-easy-clean-back-large-vegetable-box-2026-model/p/itmd9e7256ee6d5b?pid=RFRHKMPPPZ8FQGPH
BOSCH 207 L Direct Cool Single Door 4 Star Refrigerator with Base Drawer,20290,32490,38,yes,"Delivery by 13 Oct, Tuesday",4.6,33,https://www.flipkart.com/bosch-207-l-direct-cool-single-door-4-star-refrigerator-base-drawer/p/itm0f56319873f59?pid=RFRHMPEUKRGDGG5B
Haier 240 L Frost Free Double Door 2 Star Refrigerator,26999,43490,38,yes,"Delivery by Tomorrow, Saturday",,,https://www.flipkart.com/haier-240-l-frost-free-double-door-2-star-refrigerator/p/itm392a04798ff95?pid=RFRHYY2ZZSZH5PGX
BOSCH 207 L Direct Cool Single Door 3 Star Refrigerator,19490,30290,36,yes,"Delivery by Tomorrow, Saturday",4.6,193,https://www.flipkart.com/bosch-207-l-direct-cool-single-door-3-star-refrigerator/p/itm107aa484b3af3?pid=RFRHKY3WNHXYGAKU
LG 185 L Direct Cool Single Door 2 Star Refrigerator with Base Drawer,17590,21890,20,yes,"Delivery by Tomorrow, Saturday",4.4,"6,450",https://www.flipkart.com/lg-185-l-direct-cool-single-door-2-star-refrigerator-base-drawer/p/itm92dd4ea3d8a20?pid=RFRHMGJW2UHNHJGY
LG 185 L Direct Cool Single Door 2 Star Refrigerator with Base Drawer,13990,21890,36,yes,"Delivery in 2 days, Sunday",4.4,"6,450",https://www.flipkart.com/lg-185-l-direct-cool-single-door-2-star-refrigerator-base-drawer/p/itmfff9278c10285?pid=RFRHMGJWWRBD2J3H
Godrej 194 L Direct Cool Single Door 5 Star Refrigerator  with 24 Days Farm Freshness 16L Jumbo Vegeta...,18300,28890,37,yes,"Delivery by Tomorrow, Saturday",4.4,60,https://www.flipkart.com/godrej-194-l-direct-cool-single-door-5-star-refrigerator-24-days-farm-freshness-16l-jumbo-vegetable-tray-advanced-inverter-technology/p/itmaddfb0acc5799?pid=RFRHK4WEKHEKTPBJ
Whirlpool 237 L Frost Free Triple Door 2 Star Refrigerator,29900,39000,23,yes,"Delivery by Tomorrow, Saturday",,,https://www.flipkart.com/whirlpool-237-l-frost-free-triple-door-2-star-refrigerator/p/itm7a4adf7c53598?pid=RFRHMPPJKXXMNHUZ
Godrej 194 L Direct Cool Single Door 5 Star Refrigerator with Base Drawer,18599,29390,37,yes,"Delivery by Tomorrow, Saturday",,,https://www.flipkart.com/godrej-194-l-direct-cool-single-door-5-star-refrigerator-base-drawer/p/itmccbb5ea7c1849?pid=RFRHP9GWQVUKDEGU
Haier 237 L Frost Free Double Door 2 Star Convertible Refrigerator,31990,46090,31,yes,"Delivery by Tomorrow, Saturday",,,https://www.flipkart.com/haier-237-l-frost-free-double-door-2-star-convertible-refrigerator/p/itm2cc861fed7056?pid=RFRHYAE2NQMZKHBF
"Haier 190 L Direct Cool Single Door 5 Star Refrigerator with Base Drawer  with Base Stand Drawer, Fast...",17490,27290,36,yes,"Delivery in 2 days, Sunday",4.3,"3,954",https://www.flipkart.com/haier-190-l-direct-cool-single-door-5-star-refrigerator-base-drawer-stand-drawer-fast-ice-making-easy-clean-back-large-vegetable-box-2026-model/p/itmb80f283dff3be?pid=RFRHMJUNUDAHHCAV
"Haier 190 L Direct Cool Single Door 5 Star Refrigerator with Base Drawer  with Base Stand Drawer, Fast...",17590,27290,36,yes,"Delivery by Tomorrow, Saturday",4.3,"3,954",https://www.flipkart.com/haier-190-l-direct-cool-single-door-5-star-refrigerator-base-drawer-stand-drawer-fast-ice-making-easy-clean-back-large-vegetable-box-2026-model/p/itmf6de6738acd8d?pid=RFRHKMPPWG7ZBZ8E
"Haier 215 L Direct Cool Single Door 5 Star Refrigerator with Base Drawer  with Fast Ice Making, Easy C...",19990,30890,35,yes,"Delivery by 21 Oct, Wednesday",4.3,"3,954",https://www.flipkart.com/haier-215-l-direct-cool-single-door-5-star-refrigerator-base-drawer-fast-ice-making-easy-clean-back-large-vegetable-box/p/itm8a3579e92da72?pid=RFRHKMPP7VGFGMVF
Midea 233 L Frost Free Double Door Top Mount 2 Star Refrigerator,21990,33990,35,yes,"Delivery in 2 days, Sunday",,,https://www.flipkart.com/midea-233-l-frost-free-double-door-top-mount-2-star-refrigerator/p/itm539fa96b24ecc?pid=RFRHMVVXJK7JXHSN
"BOSCH 243 L Frost Free Double Door 3 Star Refrigerator  with Inverter Large LED Display, 18 Hrs Coolin...",29100,38590,25,yes,"Delivery by 13 Oct, Tuesday",4.2,311,https://www.flipkart.com/bosch-243-l-frost-free-double-door-3-star-refrigerator-inverter-large-led-display-18-hrs-cooling-retention-integrated-handle/p/itmd97ce83832419?pid=RFRGTYAJEC4FDZP9
Haier 215 L Direct Cool Single Door 5 Star Refrigerator with Base Drawer,21490,33290,35,yes,"Delivery by Tomorrow, Saturday",4.4,"6,383",https://www.flipkart.com/haier-215-l-direct-cool-single-door-5-star-refrigerator-base-drawer/p/itmf4f113cc65209?pid=RFRH95HM4MEN7G48
Godrej 183 L Direct Cool Single Door 2 Star Refrigerator with Base Drawer,13490,20190,33,yes,"Delivery by 13 Oct, Tuesday",4.3,"3,569",https://www.flipkart.com/godrej-183-l-direct-cool-single-door-2-star-refrigerator-base-drawer/p/itmc250834d4d83a?pid=RFRHP9JYF8YJ5PR9
"Haier 190 L Direct Cool Single Door 3 Star Refrigerator  with Fast Ice Making, Easy Clean Back, Large ...",14490,21990,34,yes,"Delivery by 13 Oct, Tuesday",4.3,"2,602",https://www.flipkart.com/haier-190-l-direct-cool-single-door-3-star-refrigerator-fast-ice-making-easy-clean-back-large-vegetable-box-2026-model/p/itma4ab64830cec8?pid=RFRHKMPPSJX8U6AG
"Haier 190 L Direct Cool Single Door 4 Star Refrigerator with Base Drawer  with Base Stand Drawer, Fast...",16690,25590,35,yes,"Delivery in 2 days, Sunday",4.4,"28,483",https://www.flipkart.com/haier-190-l-direct-cool-single-door-4-star-refrigerator-base-drawer-stand-drawer-fast-ice-making-easy-clean-back-large-vegetable-box-2026-model/p/itme2d010de14588?pid=RFRHKMPPGS9FHXZF
Midea 100 L Direct Cool Single Door 1 Star Refrigerator,10490,15900,34,yes,"Delivery by Tomorrow, Saturday",4.1,396,https://www.flipkart.com/midea-100-l-direct-cool-single-door-1-star-refrigerator/p/itmfee78a32872cb?pid=RFRHK7BEVYGPHGRC
Godrej 244 L Frost Free Double Door 3 Star Refrigerator,26890,41090,35,yes,"Delivery in 2 days, Sunday",4.2,517,https://www.flipkart.com/godrej-244-l-frost-free-double-door-3-star-refrigerator/p/itm3f707e2fc5281?pid=RFRHQ6XBHZKBNKNF
Haier 190 L Direct Cool Single Door 5 Star Refrigerator with Base Drawer,19490,29765,35,yes,"Delivery by Tomorrow, Saturday",4.3,"7,389",https://www.flipkart.com/haier-190-l-direct-cool-single-door-5-star-refrigerator-base-drawer/p/itm311c4139996e8?pid=RFRHBY28MXQWXEZ2
Godrej 244 L Frost Free Double Door 2 Star Refrigerator,28999,40990,29,yes,"Delivery by Tomorrow, Saturday",,,https://www.flipkart.com/godrej-244-l-frost-free-double-door-2-star-refrigerator/p/itm881b1740de243?pid=RFRHEB4PD3UAZPQN
Haier 190 L Direct Cool Single Door 5 Star Refrigerator,20299,30490,33,yes,"Delivery by Tomorrow, Saturday",,,https://www.flipkart.com/haier-190-l-direct-cool-single-door-5-star-refrigerator/p/itme4c4c5ee64ba7?pid=RFRHZ2BZPTQ4NWC7
Godrej 180 L Direct Cool Single Door 1 Star Refrigerator  with 20L Jumbo Vegetable Tray Advanced Capil...,10990,16490,33,yes,"Delivery by 13 Oct, Tuesday",4.3,"3,569",https://www.flipkart.com/godrej-180-l-direct-cool-single-door-1-star-refrigerator-20l-jumbo-vegetable-tray-advanced-capillary-technology-2-5l-bottle-space/p/itm4e09987df801a?pid=RFRHK4WQXNQDMP6R
Godrej 183 L Direct Cool Single Door 3 Star Refrigerator  with 24 Days Farm Freshness 20L Jumbo Vegeta...,14790,22090,33,yes,"Delivery by 16 Oct, Friday",4.3,"10,992",https://www.flipkart.com/godrej-183-l-direct-cool-single-door-3-star-refrigerator-24-days-farm-freshness-20l-jumbo-vegetable-tray-toughened-glass-shelves-2-5l-bottle-space/p/itm1ff202b8f4c9d?pid=RFRHHHFBZA6GQRWY
"Haier 190 L Direct Cool Single Door 2 Star Refrigerator  with Fast Ice Making, Easy Clean Back, Large ...",13290,20090,34,yes,"Delivery in 2 days, Sunday",4.3,"7,389",https://www.flipkart.com/haier-190-l-direct-cool-single-door-2-star-refrigerator-fast-ice-making-easy-clean-back-large-vegetable-box-2026-model/p/itmf4de1815e4cd0?pid=RFRHKMPPDVHHHHSH
Godrej 185 L Direct Cool Single Door 5 Star Refrigerator  with 22L Jumbo Vegetable Tray Advanced Inver...,17040,25490,33,yes,"Delivery in 2 days, Sunday",4.3,"4,340",https://www.flipkart.com/godrej-185-l-direct-cool-single-door-5-star-refrigerator-22l-jumbo-vegetable-tray-advanced-inverter-technology-2-5l-bottle-space/p/itmc0832d91650ef?pid=RFRHK5YHZWC6KZHB
Godrej 185 L Direct Cool Single Door 5 Star Refrigerator  with Base Drawer2L Jumbo Vegetable Tray Adva...,17290,25990,33,yes,"Delivery by 18 Oct, Sunday",4.3,"4,340",https://www.flipkart.com/godrej-185-l-direct-cool-single-door-5-star-refrigerator-base-drawer2l-jumbo-vegetable-tray-advanced-inverter-technology/p/itmcc0783bdb2699?pid=RFRHK4W3QHGXJRE9
"Haier 240 L Frost Free Double Door 2 Star Refrigerator  with Freezer,(2026 Model)",23990,35890,33,yes,"Delivery by 21 Oct, Wednesday",4.3,"2,529",https://www.flipkart.com/haier-240-l-frost-free-double-door-2-star-refrigerator-freezer-2026-model/p/itmfe70fa8f51c03?pid=RFRHKMPPS6HWYH9G
Godrej 185 L Direct Cool Single Door 4 Star Refrigerator  with Base Drawer22L Jumbo Vegetable Tray Adv...,16590,24990,34,yes,"Delivery by 13 Oct, Tuesday",4.4,"12,635",https://www.flipkart.com/godrej-185-l-direct-cool-single-door-4-star-refrigerator-base-drawer22l-jumbo-vegetable-tray-advanced-inverter-technology/p/itm0a4bcdbf5c668?pid=RFRHHHF28Z5BHANV
Haier 190 L Direct Cool Single Door 5 Star Refrigerator with Base Drawer,20999,29999,30,yes,"Delivery by Tomorrow, Saturday",4.1,14,https://www.flipkart.com/haier-190-l-direct-cool-single-door-5-star-refrigerator-base-drawer/p/itm5d4bdbb8606af?pid=RFRHCE8GEXDNZYCJ
Haier 237 L Frost Free French Door Bottom Mount 1 Star Refrigerator,24490,37000,34,yes,"Delivery by Tomorrow, Saturday",,,https://www.flipkart.com/haier-237-l-frost-free-french-door-bottom-mount-1-star-refrigerator/p/itm7054e32a01494?pid=RFRHQNDCAWYPRGVH
"Haier 100 L Direct Cool Single Door 2 Star Refrigerator  with Chiller Freezer Box, LED Light for Clear...",11700,16890,31,yes,"Delivery by Tomorrow, Saturday",4.2,91,https://www.flipkart.com/haier-100-l-direct-cool-single-door-2-star-refrigerator-chiller-freezer-box-led-light-clear-view-lock-key-easy-clean-back-2026-model/p/itm307f46ad33dd2?pid=RFRHKTE3TEW5MMXW
Godrej 184 L Direct Cool Single Door 2 Star Refrigerator,15490,21490,28,yes,"Delivery by Tomorrow, Saturday",,,https://www.flipkart.com/godrej-184-l-direct-cool-single-door-2-star-refrigerator/p/itm55c96fc2ab061?pid=RFRHZ2BZQZXKNQVU
"Haier 190 L Direct Cool Single Door 2 Star Refrigerator  with Fast Ice Making, Easy Clean Back, Large ...",12790,18990,33,yes,"Delivery in 2 days, Sunday",4.3,"7,389",https://www.flipkart.com/haier-190-l-direct-cool-single-door-2-star-refrigerator-fast-ice-making-easy-clean-back-large-vegetable-box-2026-model/p/itm11ebcb9243f0d?pid=RFRHKMPP79GTPK87
Godrej 185 L Direct Cool Single Door 5 Star Refrigerator  with 22L Jumbo Vegetable Tray Advanced Inver...,17290,25490,32,yes,"Delivery by 17 Oct, Saturday",4.3,"4,340",https://www.flipkart.com/godrej-185-l-direct-cool-single-door-5-star-refrigerator-22l-jumbo-vegetable-tray-advanced-inverter-technology-2-5l-bottle-space/p/itm0d94cc7fd5bb6?pid=RFRHK5YHZPC2HRQE
Godrej 185 L Direct Cool Single Door 4 Star Refrigerator  with 22L Jumbo Vegetable Tray Advanced Inver...,15990,23840,33,yes,"Delivery in 2 days, Sunday",4.4,"12,635",https://www.flipkart.com/godrej-185-l-direct-cool-single-door-4-star-refrigerator-22l-jumbo-vegetable-tray-advanced-inverter-technology-2-5l-bottle-space/p/itm8f1fd114d72bd?pid=RFRHHHF2HP3RQ2FS
"Haier 237 L Frost Free Double Door 2 Star Refrigerator  with Twin Inverter ,Bottom Mount,Freezer , ( 2...",30001,37490,20,yes,"Delivery by 15 Oct, Thursday",4.3,982,https://www.flipkart.com/haier-237-l-frost-free-double-door-2-star-refrigerator-twin-inverter-bottom-mount-freezer-2026-model/p/itm8db41b292347a?pid=RFRHKMPPXUTKFHQV
Haier 100 L Direct Cool Single Door 2 Star Refrigerator,11790,16890,30,yes,"Delivery by Tomorrow, Saturday",,,https://www.flipkart.com/haier-100-l-direct-cool-single-door-2-star-refrigerator/p/itm307f46ad33dd2?pid=RFRHZ2CFVTW65GTU
Haier 190 L Direct Cool Single Door 5 Star Refrigerator with Base Drawer,20490,29590,31,yes,"Delivery by Tomorrow, Saturday",4.3,"7,389",https://www.flipkart.com/haier-190-l-direct-cool-single-door-5-star-refrigerator-base-drawer/p/itmce00dbb4a7080?pid=RFRHHQ9ZRMZSUQFY
Godrej 194 L Direct Cool Single Door 5 Star Refrigerator  with With Inverter & Turbo Cooling Technolog...,18999,27740,32,yes,"Delivery by 13 Oct, Tuesday",4.3,"12,134",https://www.flipkart.com/godrej-194-l-direct-cool-single-door-5-star-refrigerator-inverter-turbo-cooling-technology-ensuring-faster/p/itm90fb485767292?pid=RFRH78J5F6ZHAEBZ
Haier 240 L Frost Free Double Door 2 Star Refrigerator  with Twin Inverter,24690,36690,33,yes,"Delivery by 21 Oct, Wednesday",4.3,"5,677",https://www.flipkart.com/haier-240-l-frost-free-double-door-2-star-refrigerator-twin-inverter/p/itm006fb48f96b87?pid=RFRHKMPPU9UZCKY8
Haier 240 L Frost Free Double Door Top Mount 1 Star Refrigerator,23499,34690,32,yes,"Delivery by Tomorrow, Saturday",,,https://www.flipkart.com/haier-240-l-frost-free-double-door-top-mount-1-star-refrigerator/p/itme5341cb51c969?pid=RFRHQBG9GC5NTR3E
Lloyd 48 L Direct Cool Single Door 1 Star Refrigerator,9290,13690,32,yes,"Delivery by 13 Oct, Tuesday",,,https://www.flipkart.com/lloyd-48-l-direct-cool-single-door-1-star-refrigerator/p/itmc8c213aa8c3a3?pid=RFRHZB5RPKX5ZFUM
Haier 190 L Direct Cool Single Door 2 Star Refrigerator with Base Drawer,15890,22490,29,yes,"Delivery by 13 Oct, Tuesday",4.5,8,https://www.flipkart.com/haier-190-l-direct-cool-single-door-2-star-refrigerator-base-drawer/p/itmc0c1b147ebc43?pid=RFRHN5RSVYJMDJWS
Samsung 236 L Frost Free Double Door Top Mount 2 Star Refrigerator,33289,42999,23,yes,"Delivery in 2 days, Sunday",,,https://www.flipkart.com/samsung-236-l-frost-free-double-door-top-mount-2-star-refrigerator/p/itm1be1c79516281?pid=RFRHJFA7EM96SVCB
"LG 185 L Direct Cool Single Door 5 Star Refrigerator with Base Drawer  with Smart Inverter Compressor,...",17890,26290,32,yes,"Delivery in 2 days, Sunday",4.5,"29,030",https://www.flipkart.com/lg-185-l-direct-cool-single-door-5-star-refrigerator-base-drawer-smart-inverter-compressor-runs-home-inverter-fit-max-chiller-tray-2026-model/p/itm214908e7431be?pid=RFRHKAHRFQ79ZG44
"LG 185 L Direct Cool Single Door 4 Star Refrigerator with Base Drawer  with Smart Inverter Compressor,...",16890,24490,31,yes,"Delivery by 21 Oct, Wednesday",4.4,"6,326",https://www.flipkart.com/lg-185-l-direct-cool-single-door-4-star-refrigerator-base-drawer-smart-inverter-compressor-runs-home-inverter-fit-max-chiller-tray-2026-model/p/itm16a19aeadaee0?pid=RFRHH9ZVZCXBB5YZ
"LG 185 L Direct Cool Single Door 4 Star Refrigerator with Base Drawer  with Smart Inverter Compressor,...",16890,24490,31,yes,"Delivery in 2 days, Sunday",4.4,"6,326",https://www.flipkart.com/lg-185-l-direct-cool-single-door-4-star-refrigerator-base-drawer-smart-inverter-compressor-runs-home-inverter-fit-max-chiller-tray-2026-model/p/itm72e16c31b71d8?pid=RFRHH9ZVFVFKFGST
Godrej 233 L Frost Free Double Door 2 Star Refrigerator,25490,32800,22,yes,"Delivery by Tomorrow, Saturday",,,https://www.flipkart.com/godrej-233-l-frost-free-double-door-2-star-refrigerator/p/itm918ddfbb0db66?pid=RFRHHGTE9HQH99VS
BOSCH 185 L Direct Cool Single Door 2 Star Refrigerator,14990,21890,32,yes,"Delivery by 15 Oct, Thursday",4.6,193,https://www.flipkart.com/bosch-185-l-direct-cool-single-door-2-star-refrigerator/p/itm9748efb9b32df?pid=RFRHR37RYGJXF5SR
Whirlpool 192 L Direct Cool Single Door 3 Star Refrigerator with Base Drawer,16900,22990,26,yes,"Delivery by Tomorrow, Saturday",4.3,"3,622",https://www.flipkart.com/whirlpool-192-l-direct-cool-single-door-3-star-refrigerator-base-drawer/p/itm34e06ce5340aa?pid=RFRFZAH57THHHHPN
Haier 190 L Direct Cool Single Door 3 Star Refrigerator,18784,25290,26,yes,"Delivery by 15 Oct, Thursday",,,https://www.flipkart.com/haier-190-l-direct-cool-single-door-3-star-refrigerator/p/itme8f402cba6406?pid=RFRHKZVYSD4RCGZ9
Godrej 244 L Frost Free Double Door 2 Star Convertible Refrigerator,28900,38490,25,yes,"Delivery by Tomorrow, Saturday",,,https://www.flipkart.com/godrej-244-l-frost-free-double-door-2-star-convertible-refrigerator/p/itmc748dd71c2d03?pid=RFRHHGTET6VZ4FT3
Haier 237 L Frost Free Double Door 2 Star Convertible Refrigerator,25999,37700,31,yes,"Delivery by Tomorrow, Saturday",3.7,6,https://www.flipkart.com/haier-237-l-frost-free-double-door-2-star-convertible-refrigerator/p/itm6a54ed0b8b300?pid=RFRGZZAYUYT3WFTU
Haier 240 L Frost Free Double Door 2 Star Convertible Refrigerator,28490,41790,32,yes,"Delivery by 13 Oct, Tuesday",,,https://www.flipkart.com/haier-240-l-frost-free-double-door-2-star-convertible-refrigerator/p/itm392a04798ff95?pid=RFRGZZAYG74XFDNV
Godrej 238 L Direct Cool Single Door 3 Star Refrigerator  with Turbo Cooling Technology 24 days Farm F...,20999,27990,25,yes,"Delivery by Tomorrow, Saturday",,,https://www.flipkart.com/godrej-238-l-direct-cool-single-door-3-star-refrigerator-turbo-cooling-technology-24-days-farm-freshness-hygiene-inverter/p/itm5d2b003e5bc3c?pid=RFRHNMZEKMEMFG6U
Godrej 244 L Frost Free Double Door 3 Star Refrigerator  with AI Powered 6-in-1 Freezer Convertible 30...,26890,38790,31,yes,"Delivery by 15 Oct, Thursday",4.2,"2,801",https://www.flipkart.com/godrej-244-l-frost-free-double-door-3-star-refrigerator-ai-powered-6-in-1-freezer-convertible-30-days-farm-freshness-95-food-surface-disinfection/p/itmed6083500875f?pid=RFRHK72VP4NKZWAC
Godrej 272 L Frost Free Double Door 2 Star Refrigerator,29990,41890,28,yes,"Delivery by Tomorrow, Saturday",,,https://www.flipkart.com/godrej-272-l-frost-free-double-door-2-star-refrigerator/p/itm1f657e5e0adec?pid=RFRHMZYMV27CZT7N
Whirlpool 237 L Frost Free Triple Door 2 Star Refrigerator,29599,38700,24,yes,"Delivery by Tomorrow, Saturday",,,https://www.flipkart.com/whirlpool-237-l-frost-free-triple-door-2-star-refrigerator/p/itme40a6accac693?pid=RFRHMKZD3Y6HHG7H
Samsung 236 L Frost Free Double Door Top Mount 2 Star Refrigerator,31951,39999,20,yes,"Delivery by 15 Oct, Thursday",,,https://www.flipkart.com/samsung-236-l-frost-free-double-door-top-mount-2-star-refrigerator/p/itmfed93564cbf42?pid=RFRHZ2BZFDKSKPUK
LG 251 L Frost Free Double Door 2 Star Convertible Refrigerator,30239,41490,27,yes,"Delivery in 2 days, Sunday",,,https://www.flipkart.com/lg-251-l-frost-free-double-door-2-star-convertible-refrigerator/p/itm3bed308bfdd20?pid=RFRHZRKHZACWAMTA
"IFB 197 L Direct Cool Single Door 5 Star Refrigerator  with 30 Hrs Cooling Retention, Big Vegetable Bo...",17490,24700,29,yes,"Delivery by 16 Oct, Friday",4.4,"2,888",https://www.flipkart.com/ifb-197-l-direct-cool-single-door-5-star-refrigerator-30-hrs-cooling-retention-big-vegetable-box-humidity-controller-25-days-fresh-xl-bottle-bin-advanced-inverter-compressor-4-year-super-warranty/p/itmc816150616ba2?pid=RFRHMBFEHWWZYJGC
"LG 251 L Frost Free Double Door 1 Star Refrigerator  with Smart Mode, Multi Air Flow Cooling, Works Wi...",25990,36990,30,yes,"Delivery in 2 days, Sunday",4.3,"3,489",https://www.flipkart.com/lg-251-l-frost-free-double-door-1-star-refrigerator-smart-mode-multi-air-flow-cooling-works-without-stabilizer-inverter-compressor-fresh-zone-2026-model/p/itm6d34fb50ba452?pid=RFRHKUMEZQXHCJAY
BOSCH 207 L Direct Cool Single Door 4 Star Refrigerator  with Industrys largest vegetable box| Industr...,18990,26990,30,yes,"Delivery by Tomorrow, Saturday",4.5,550,https://www.flipkart.com/bosch-207-l-direct-cool-single-door-4-star-refrigerator-industrys-largest-vegetable-box-beverage-space-18-hour-cooling-retention-during-powercut-2-5x-faster-cooling-smart-inverter-compressor/p/itm8d409e774fcf7?pid=RFRHDT52UQXEH9GU
Haier 190 L Direct Cool Single Door 2 Star Refrigerator,14999,18790,20,yes,"Delivery by 13 Oct, Tuesday",,,https://www.flipkart.com/haier-190-l-direct-cool-single-door-2-star-refrigerator/p/itm026d7f5ce865b?pid=RFRHZY9HCDEYV83Z
LG 225 L Frost Free Double Door 2 Star Convertible Refrigerator,25990,36990,30,yes,"Delivery by 21 Oct, Wednesday",,,https://www.flipkart.com/lg-225-l-frost-free-double-door-2-star-convertible-refrigerator/p/itm5c36986dd4554?pid=RFRHQFUFNNATGZ6A
Godrej 180 L Direct Cool Single Door 3 Star Refrigerator with Base Drawer,16999,23990,29,yes,"Delivery by Tomorrow, Saturday",,,https://www.flipkart.com/godrej-180-l-direct-cool-single-door-3-star-refrigerator-base-drawer/p/itmb2521ada7be14?pid=RFRHHGTEDDSXXGSS
Godrej 180 L Direct Cool Single Door 3 Star Refrigerator,16900,23990,30,yes,"Delivery by Tomorrow, Saturday",,,https://www.flipkart.com/godrej-180-l-direct-cool-single-door-3-star-refrigerator/p/itm6e889e34af263?pid=RFRGRFXHJQFX6NW2
Haier 190 L Direct Cool Single Door 3 Star Refrigerator with Base Drawer,17599,24990,30,yes,"Delivery by 13 Oct, Tuesday",,,https://www.flipkart.com/haier-190-l-direct-cool-single-door-3-star-refrigerator-base-drawer/p/itmf21b36b7895db?pid=RFRHNCNX8GRWFPMP
"Haier 237 L Frost Free Double Door 2 Star Refrigerator  with Twin Inverter ,Bottom Mount,Freezer , ( 2...",26990,37690,28,yes,"Delivery by Tomorrow, Saturday",4.4,633,https://www.flipkart.com/haier-237-l-frost-free-double-door-2-star-refrigerator-twin-inverter-bottom-mount-freezer-2026-model/p/itm41d0169f389a6?pid=RFRHKMPPTB5KWYFH
Whirlpool 192 L Direct Cool Single Door 3 Star Refrigerator  with Auto Defrost,18299,22650,19,yes,"Delivery by Tomorrow, Saturday",4.2,"3,880",https://www.flipkart.com/whirlpool-192-l-direct-cool-single-door-3-star-refrigerator-auto-defrost/p/itm545c0d09c840b?pid=RFRGPQESHJUP8GD4
Godrej 244 L Frost Free Double Door 2 Star Refrigerator,28990,37790,23,yes,"Delivery by Tomorrow, Saturday",,,https://www.flipkart.com/godrej-244-l-frost-free-double-door-2-star-refrigerator/p/itm2989439899202?pid=RFRHHGTF8Z9H2A6P
Godrej 244 L Frost Free Double Door 2 Star Convertible Refrigerator,29490,37790,22,yes,"Delivery by Tomorrow, Saturday",,,https://www.flipkart.com/godrej-244-l-frost-free-double-door-2-star-convertible-refrigerator/p/itme18f83f015234?pid=RFRHEB4PCQ7UZ3HN
Godrej 244 L Frost Free Double Door 2 Star Convertible Refrigerator,28990,36590,21,yes,"Delivery by Tomorrow, Saturday",,,https://www.flipkart.com/godrej-244-l-frost-free-double-door-2-star-convertible-refrigerator/p/itm10f09862f4b2f?pid=RFRHNCGEZDFPUXZ3
"IFB 187 L Direct Cool Single Door 4 Star Refrigerator  with 30 Hrs Cooling Retention, Big Vegetable Bo...",17990,25100,28,yes,"Delivery by 12 Oct, Monday",4.4,"2,888",https://www.flipkart.com/ifb-187-l-direct-cool-single-door-4-star-refrigerator-30-hrs-cooling-retention-big-vegetable-box-humidity-controller-25-days-fresh-xl-bottle-bin-advanced-inverter-compressor-year-super-warranty/p/itme29aa7073284f?pid=RFRHMHB49MW5H9C9
Whirlpool 235 L Frost Free Double Door 2 Star Refrigerator,29990,38700,23,yes,"Delivery by Tomorrow, Saturday",,,https://www.flipkart.com/whirlpool-235-l-frost-free-double-door-2-star-refrigerator/p/itm062ef0b9e4760?pid=RFRHH3K3GJRWCQZH
Godrej 184 L Direct Cool Single Door 2 Star Refrigerator,15599,20250,23,yes,"Delivery by Tomorrow, Saturday",,,https://www.flipkart.com/godrej-184-l-direct-cool-single-door-2-star-refrigerator/p/itm13dcc4736a176?pid=RFRHMKZDRYDEEYMA
Haier 268 L Frost Free Double Door Top Mount 2 Star Convertible Refrigerator,29999,41990,29,yes,"Delivery by Tomorrow, Saturday",,,https://www.flipkart.com/haier-268-l-frost-free-double-door-top-mount-2-star-convertible-refrigerator/p/itm12321972ccd86?pid=RFRHFNSZSBN4R5MC
"Haier 165 L Direct Cool Single Door 1 Star Refrigerator  with Diamond Edge Freezing Technology, Easy C...",11990,16590,28,yes,"Delivery by 13 Oct, Tuesday",4.2,"5,316",https://www.flipkart.com/haier-165-l-direct-cool-single-door-1-star-refrigerator-diamond-edge-freezing-technology-easy-clean-back-large-vegetable-box-2026-model/p/itm6d59b7606c447?pid=RFRHKMPPTWY5ADBS
Haier 240 L Frost Free Double Door 1 Star Refrigerator  with Cool Pad for Extended Cooling & Spacious ...,21990,30490,28,yes,"Delivery in 2 days, Sunday",4.3,"1,153",https://www.flipkart.com/haier-240-l-frost-free-double-door-1-star-refrigerator-cool-pad-extended-cooling-spacious-fresh-zone/p/itm53def90ca5c7b?pid=RFRHKMPPAZCGMYJP
"IFB 187 L Direct Cool Single Door 5 Star Refrigerator with Base Drawer  with 30 Hrs Cooling Retention,...",18399,25500,28,yes,"Delivery in 2 days, Sunday",4.4,"2,888",https://www.flipkart.com/ifb-187-l-direct-cool-single-door-5-star-refrigerator-base-drawer-30-hrs-cooling-retention-big-vegetable-box-humidity-controller-25-days-fresh-xl-bottle-bin-advanced-inverter-compressor-4-year-super-warranty/p/itm3cd26cafd459a?pid=RFRHMBFEJVG8EMZ9
"LG 251 L Frost Free Double Door 2 Star Refrigerator  with Smart Mode, Multi Air Flow, Express Freeze, ...",27990,39990,30,yes,"Delivery in 2 days, Sunday",4.3,"3,489",https://www.flipkart.com/lg-251-l-frost-free-double-door-2-star-refrigerator-smart-mode-multi-air-flow-express-freeze-deodorizer-fresh-zone-works-without-stabilizer-inverter-compressor-auto-connect-2026-model/p/itm31eecf56c5e63?pid=RFRHNCHB2RA7NTAR
Whirlpool 192 L Direct Cool Single Door 4 Star Refrigerator,15790,21650,27,yes,"Delivery by 14 Oct, Wednesday",,,https://www.flipkart.com/whirlpool-192-l-direct-cool-single-door-4-star-refrigerator/p/itm6ea3ff2c5ccc7?pid=RFRHZGKRTJTERMAF
"IFB 187 L Direct Cool Single Door 4 Star Refrigerator with Base Drawer  with 30 Hrs Cooling Retention,...",17690,24500,28,yes,"Delivery by 16 Oct, Friday",4.4,"2,888",https://www.flipkart.com/ifb-187-l-direct-cool-single-door-4-star-refrigerator-base-drawer-30-hrs-cooling-retention-big-vegetable-box-humidity-controller-25-days-fresh-xl-bottle-bin-advanced-inverter-compressor-year-super-warranty/p/itmace56fb114da7?pid=RFRHMBFE4DYAF6FC
Godrej 185 L Direct Cool Single Door 3 Star Refrigerator with Base Drawer,16652,23000,28,yes,"Delivery by 13 Oct, Tuesday",,,https://www.flipkart.com/godrej-185-l-direct-cool-single-door-3-star-refrigerator-base-drawer/p/itm3bfdc303ba490?pid=RFRGMFXZVSXNSZPU
"LG 251 L Frost Free Double Door 2 Star Convertible Refrigerator  with Convertible, Smart Mode, Multi A...",30669,39990,23,yes,"Delivery in 2 days, Sunday",4.3,"3,489",https://www.flipkart.com/lg-251-l-frost-free-double-door-2-star-convertible-refrigerator-convertible-smart-mode-multi-air-flow-express-freeze-deodorizer-fresh-zone-works-without-stabilizer-inverter-compressor-auto-connect-2026-model/p/itm5372ddb002894?pid=RFRHMKMQQGGZH5NG
Haier 240 L Frost Free Double Door 2 Star Convertible Refrigerator,26900,37000,27,yes,"Delivery by Tomorrow, Saturday",4.3,9,https://www.flipkart.com/haier-240-l-frost-free-double-door-2-star-convertible-refrigerator/p/itm392a04798ff95?pid=RFRGZZAYHZHNKGHS
"Samsung 189 L Direct Cool Single Door 5 Star Refrigerator  with Digital Inverter, Single Touch Defrost...",20182,23999,16,yes,"Delivery by 16 Oct, Friday",4.5,"68,481",https://www.flipkart.com/samsung-189-l-direct-cool-single-door-5-star-refrigerator-digital-inverter-touch-defrost-2026-model/p/itmbf6f8962637c1?pid=RFRHJ4JJ6HRHKRPW
"Haier 190 L Direct Cool Single Door 5 Star Refrigerator with Base Drawer  with Base Stand Drawer, Fast...",18490,24990,26,yes,"Delivery by Tomorrow, Saturday",4.3,"3,954",https://www.flipkart.com/haier-190-l-direct-cool-single-door-5-star-refrigerator-base-drawer-stand-drawer-fast-ice-making-easy-clean-back-large-vegetable-box-2026-model/p/itmcee6c45a4ac07?pid=RFRHKMPPJZ7EF7GG
Haier 240 L Frost Free Double Door 2 Star Refrigerator,26990,36900,27,yes,"Delivery by Tomorrow, Saturday",4.3,937,https://www.flipkart.com/haier-240-l-frost-free-double-door-2-star-refrigerator/p/itmae9f08d259195?pid=RFRHDHK8YHRHZNSK
Haier 165 L Direct Cool Single Door 1 Star Refrigerator  with DEFT TechnologyLarge Vegetable Box,12999,18990,32,yes,"Delivery by 13 Oct, Tuesday",4.2,"5,316",https://www.flipkart.com/haier-165-l-direct-cool-single-door-1-star-refrigerator-deft-technologylarge-vegetable-box/p/itm60dd0d7dfe7be?pid=RFRGHQAFUXDJVUZH
Samsung 189 L Direct Cool Single Door 5 Star Refrigerator,21558,26999,20,yes,"Delivery by 15 Oct, Thursday",,,https://www.flipkart.com/samsung-189-l-direct-cool-single-door-5-star-refrigerator/p/itmc38455bc50c1f?pid=RFRHJ4JJRAGMZTMZ
"Haier 165 L Direct Cool Single Door 1 Star Refrigerator  with with Diamond Edge Freezing Technology, E...",12590,17090,26,yes,"Delivery by 13 Oct, Tuesday",4.2,"5,316",https://www.flipkart.com/haier-165-l-direct-cool-single-door-1-star-refrigerator-diamond-edge-freezing-technology-easy-clean-back-large-vegetable-box-2026-model/p/itm650c7b46d4d02?pid=RFRHKMPP6ZTYQEYX
Godrej 180 L Direct Cool Single Door 3 Star Refrigerator,16990,22750,25,yes,"Delivery by Tomorrow, Saturday",,,https://www.flipkart.com/godrej-180-l-direct-cool-single-door-3-star-refrigerator/p/itma8bda90c15236?pid=RFRGT6FPP33SVHUH
BOSCH 207 L Direct Cool Single Door 3 Star Refrigerator with Base Drawer  with Industrys largest veget...,18290,28490,36,yes,"Delivery by Tomorrow, Saturday",4.6,193,https://www.flipkart.com/bosch-207-l-direct-cool-single-door-3-star-refrigerator-base-drawer-industrys-largest-vegetable-box-18-hour-cooling-retention-during-powercut-2-5x-faster-cooling-smart-inverter-compressor/p/itme7889d1ba96c6?pid=RFRGYHF6PCB6ATBH
Godrej 233 L Frost Free Double Door Top Mount 2 Star Refrigerator,26999,32000,16,yes,"Delivery by Tomorrow, Saturday",4.2,13,https://www.flipkart.com/godrej-233-l-frost-free-double-door-top-mount-2-star-refrigerator/p/itm272a737b801bb?pid=RFRGQ2BJSYFBHPMU
Godrej 194 L Direct Cool Single Door 3 Star Refrigerator with Base Drawer,18490,24590,25,yes,"Delivery by Tomorrow, Saturday",,,https://www.flipkart.com/godrej-194-l-direct-cool-single-door-3-star-refrigerator-base-drawer/p/itm38a6a581a8068?pid=RFRHP9H2UNVUD7ZX
"Samsung 189 L Direct Cool Single Door 5 Star Refrigerator with Base Drawer  with Digital Inverter, Sin...",17990,23999,25,yes,"Delivery in 2 days, Sunday",4.5,"68,481",https://www.flipkart.com/samsung-189-l-direct-cool-single-door-5-star-refrigerator-base-drawer-digital-inverter-touch-defrost-2026-model/p/itmdaa1c0741eec5?pid=RFRHJ4JJJFQYCRD5
"Samsung 189 L Direct Cool Single Door 5 Star Refrigerator with Base Drawer  with Digital Inverter, Sin...",17990,23999,25,yes,"Delivery in 2 days, Sunday",4.5,"68,481",https://www.flipkart.com/samsung-189-l-direct-cool-single-door-5-star-refrigerator-base-drawer-digital-inverter-touch-defrost-2026-model/p/itm3d5152a935b95?pid=RFRHJ4JJWWH2XGZQ
"Samsung 189 L Direct Cool Single Door 5 Star Refrigerator with Base Drawer  with Digital Inverter, Sin...",17990,23999,25,yes,"Delivery in 2 days, Sunday",4.5,"68,481",https://www.flipkart.com/samsung-189-l-direct-cool-single-door-5-star-refrigerator-base-drawer-digital-inverter-touch-defrost-2026-model/p/itm9c5f7d2c2c0c5?pid=RFRHJ4JJ32M6PGUW
Godrej 180 L Direct Cool Single Door 1 Star Refrigerator  with 20L Jumbo Vegetable Tray Advanced Capil...,12790,17190,26,yes,"Delivery by 13 Oct, Tuesday",4.3,"3,569",https://www.flipkart.com/godrej-180-l-direct-cool-single-door-1-star-refrigerator-20l-jumbo-vegetable-tray-advanced-capillary-technology-2-5l-bottle-space/p/itm5c4a5afe07b14?pid=RFRHK4XKY2HRWBGA
"Samsung 189 L Direct Cool Single Door 5 Star Refrigerator with Base Drawer  with Digital Inverter, Sin...",17990,23999,25,yes,"Delivery by 15 Oct, Thursday",4.5,"68,481",https://www.flipkart.com/samsung-189-l-direct-cool-single-door-5-star-refrigerator-base-drawer-digital-inverter-touch-defrost-2026-model/p/itm6f07b29e5cc34?pid=RFRHJ4JJSHAUXGZS
Godrej 233 L Frost Free Double Door 2 Star Convertible Refrigerator,25490,31550,19,yes,"Delivery by Tomorrow, Saturday",,,https://www.flipkart.com/godrej-233-l-frost-free-double-door-2-star-convertible-refrigerator/p/itma56931f953557?pid=RFRHYAE2PHHGNY3T
Samsung 223 L Direct Cool Single Door 3 Star Refrigerator with Base Drawer,26599,30999,14,yes,"Delivery by 15 Oct, Thursday",,,https://www.flipkart.com/samsung-223-l-direct-cool-single-door-3-star-refrigerator-base-drawer/p/itm2b458c192384f?pid=RFRHM55YKAQGJ9GV
"Samsung 189 L Direct Cool Single Door 5 Star Refrigerator with Base Drawer  with Digital Inverter, Sin...",17990,23999,25,yes,"Delivery in 2 days, Sunday",4.5,"68,481",https://www.flipkart.com/samsung-189-l-direct-cool-single-door-5-star-refrigerator-base-drawer-digital-inverter-touch-defrost-2026-model/p/itm5f5c5b73d4ed7?pid=RFRHJ4JJMRBHHCVZ
BOSCH 187 L Direct Cool Single Door 4 Star Refrigerator with Base Drawer  with Industrys largest veget...,18900,25490,26,yes,"Delivery by Tomorrow, Saturday",4.6,185,https://www.flipkart.com/bosch-187-l-direct-cool-single-door-4-star-refrigerator-base-drawer-industrys-largest-vegetable-box-beverage-space-18-hour-cooling-retention-during-powercut-2-5x-faster-cooling-smart-inverter-compressor/p/itmce383345843fa?pid=RFRGYHF6EGZH5RAD
Godrej 265 L Frost Free Double Door 2 Star Refrigerator,27999,39500,29,yes,"Delivery by Tomorrow, Saturday",4.1,39,https://www.flipkart.com/godrej-265-l-frost-free-double-door-2-star-refrigerator/p/itm208597f55b34f?pid=RFRGKRZDQBGS6ZDU
Godrej 180 L Direct Cool Single Door 3 Star Refrigerator,16990,22750,25,yes,"Delivery by Tomorrow, Saturday",,,https://www.flipkart.com/godrej-180-l-direct-cool-single-door-3-star-refrigerator/p/itma8bda90c15236?pid=RFRGQHY46SGHH2AJ
Godrej 180 L Direct Cool Single Door 3 Star Refrigerator with Base Drawer,16999,22750,25,yes,"Delivery by Tomorrow, Saturday",,,https://www.flipkart.com/godrej-180-l-direct-cool-single-door-3-star-refrigerator-base-drawer/p/itma9034aa0bbaea?pid=RFRHM567YQBP4KGU
Haier 185 L Direct Cool Single Door 1 Star Refrigerator,16063,19990,20,yes,"Delivery by 15 Oct, Thursday",,,https://www.flipkart.com/haier-185-l-direct-cool-single-door-1-star-refrigerator/p/itm7083f17725a06?pid=RFRHNVCS8XDRHDJY
Blue Star 45 L Direct Cool Single Door 2 Star Refrigerator,9500,12490,24,yes,"Delivery in 2 days, Sunday",4.2,884,https://www.flipkart.com/blue-star-45-l-direct-cool-single-door-2-refrigerator/p/itm683ae875bb7c2?pid=RFRHHHBHHWPRUFX6
Samsung 189 L Direct Cool Single Door 5 Star Refrigerator with Base Drawer,21899,26999,19,yes,"Delivery by 13 Oct, Tuesday",,,https://www.flipkart.com/samsung-189-l-direct-cool-single-door-5-star-refrigerator-base-drawer/p/itm91dd13b3249f2?pid=RFRHHPMGPZW3QNJZ
"Samsung 189 L Direct Cool Single Door 4 Star Refrigerator  with Digital Inverter, Single Touch Defrost...",19130,21999,13,yes,"Delivery by 17 Oct, Saturday",4.5,"82,751",https://www.flipkart.com/samsung-189-l-direct-cool-single-door-4-star-refrigerator-digital-inverter-touch-defrost-2026-model/p/itmf82fbaee4586b?pid=RFRHJ4JJSZMEDQ29
"Samsung 223 L Direct Cool Single Door 3 Star Refrigerator  with Digital Inverter, Single Touch Defrost...",18990,24999,24,yes,"Delivery in 2 days, Sunday",4.4,"17,673",https://www.flipkart.com/samsung-223-l-direct-cool-single-door-3-star-refrigerator-digital-inverter-touch-defrost-2026-model/p/itm51a9f591f2f47?pid=RFRHJ4JJMDPC5RSE
Whirlpool 192 L Direct Cool Single Door 5 Star Refrigerator,19990,26500,25,yes,"Delivery by 14 Oct, Wednesday",,,https://www.flipkart.com/whirlpool-192-l-direct-cool-single-door-5-star-refrigerator/p/itm77abd7cbe9de4?pid=RFRHP2VZHKQQWQMJ
Godrej 268 L Direct Cool Single Door 3 Star Refrigerator  with Turbo Cooling Technology Ensuring Faste...,21999,29199,25,yes,"Delivery by Tomorrow, Saturday",4.3,"2,591",https://www.flipkart.com/godrej-268-l-direct-cool-single-door-3-star-refrigerator-turbo-cooling-technology-ensuring-faster/p/itm27089e86a3e80?pid=RFRGYXUZEPPKRCYG
Whirlpool 231 L Frost Free Double Door 2 Star Refrigerator,28499,34600,18,yes,"Delivery by Tomorrow, Saturday",4.3,"4,353",https://www.flipkart.com/whirlpool-231-l-frost-free-double-door-2-star-refrigerator/p/itm9ab179c82c43f?pid=RFRGZBAG3F8ENYU9
Lloyd by Havells 91 L Direct Cool Single Door 1 Star Refrigerator,10900,14200,23,yes,"Delivery by Tomorrow, Saturday",3.7,81,https://www.flipkart.com/lloyd-havells-91-l-direct-cool-single-door-1-star-refrigerator/p/itmb6e6853cb58ca?pid=RFRGYJ2CPXEBGJS9
Godrej 185 L Direct Cool Single Door 3 Star Refrigerator with Base Drawer,17266,23000,25,yes,"Delivery by 13 Oct, Tuesday",,,https://www.flipkart.com/godrej-185-l-direct-cool-single-door-3-star-refrigerator-base-drawer/p/itm5d2e06417f3b5?pid=RFRGMFXZGSPUBZ2Q
Samsung 215 L Direct Cool Single Door 5 Star Refrigerator,23398,30999,25,yes,"Delivery by 17 Oct, Saturday",,,https://www.flipkart.com/samsung-215-l-direct-cool-single-door-5-star-refrigerator/p/itm038aa3634d6b4?pid=RFRHJ4JJUYQBXVBF
Whirlpool 184 L Direct Cool Single Door 2 Star Refrigerator,15690,20400,23,yes,"Delivery by Tomorrow, Saturday",,,https://www.flipkart.com/whirlpool-184-l-direct-cool-single-door-2-star-refrigerator/p/itm3f0538094d6dc?pid=RFRHZ2BZDT8PUA3U
Samsung 189 L Direct Cool Single Door 5 Star Refrigerator with Base Drawer,23452,26999,13,yes,"Delivery by 15 Oct, Thursday",,,https://www.flipkart.com/samsung-189-l-direct-cool-single-door-5-star-refrigerator-base-drawer/p/itm3699424e28a71?pid=RFRHM4ARAGTMCGVJ
Samsung 183 L Direct Cool Single Door 3 Star Refrigerator with Base Drawer,19989,24999,20,yes,"Delivery in 2 days, Sunday",,,https://www.flipkart.com/samsung-183-l-direct-cool-single-door-3-star-refrigerator-base-drawer/p/itm9080506638031?pid=RFRHM4ARWDPKKDRG
"Samsung 183 L Direct Cool Single Door 4 Star Refrigerator with Base Drawer  with Digital Inverter, Sin...",16790,21999,24,yes,"Delivery in 2 days, Sunday",4.5,"82,751",https://www.flipkart.com/samsung-183-l-direct-cool-single-door-4-star-refrigerator-base-drawer-digital-inverter-touch-defrost-2026-model/p/itmba7d59c288287?pid=RFRHJ4JJXJADZTGM
"Samsung 236 L Frost Free Double Door 3 Star Refrigerator  with Convertible, Digital Inverter, 2026 Mod...",27490,35999,24,yes,"Delivery by 16 Oct, Friday",4.4,"45,489",https://www.flipkart.com/samsung-236-l-frost-free-double-door-3-star-refrigerator-convertible-digital-inverter-2026-model/p/itmf79d08a8d7a12?pid=RFRHJYT9YQCF5RAZ
"Samsung 183 L Direct Cool Single Door 4 Star Refrigerator with Base Drawer  with Digital Inverter, Sin...",16790,21999,24,yes,"Delivery in 2 days, Sunday",4.5,"82,751",https://www.flipkart.com/samsung-183-l-direct-cool-single-door-4-star-refrigerator-base-drawer-digital-inverter-touch-defrost-2026-model/p/itmed8222e022d31?pid=RFRHJ4JJENYFFSGZ
"Whirlpool 192 L Direct Cool Single Door 4 Star Refrigerator  with upto 12 hour cooling retention, frid...",16990,22100,23,yes,"Delivery by 15 Oct, Thursday",4.4,"14,441",https://www.flipkart.com/whirlpool-192-l-direct-cool-single-door-4-star-refrigerator-upto-12-hour-cooling-retention-fridge-2026-model/p/itm6d77c861f7e79?pid=RFRHKBHBMJYGEMXX
"Samsung 183 L Direct Cool Single Door 3 Star Refrigerator  with Digital Inverter, Single Touch Defrost...",15990,20999,24,yes,"Delivery in 2 days, Sunday",4.4,"17,673",https://www.flipkart.com/samsung-183-l-direct-cool-single-door-3-star-refrigerator-digital-inverter-touch-defrost-2026-model/p/itm88a0ec59adc13?pid=RFRHJ4JJ3THA4CMR
"Whirlpool 192 L Direct Cool Single Door 4 Star Refrigerator  with upto 12 hour cooling retention, frid...",16990,22100,23,yes,"Delivery by 15 Oct, Thursday",4.3,"1,102",https://www.flipkart.com/whirlpool-192-l-direct-cool-single-door-4-star-refrigerator-upto-12-hour-cooling-retention-fridge-2026-model/p/itm5bba864d71031?pid=RFRHHGYKGK9EPC9W
Lloyd 165 L Direct Cool Single Door 1 Star Refrigerator,11990,17190,30,yes,"Delivery by 14 Oct, Wednesday",4.1,"1,130",https://www.flipkart.com/lloyd-165-l-direct-cool-single-door-1-star-refrigerator/p/itm8e26daca4b65e?pid=RFRHHH249TH38H6N
Godrej 233 L Frost Free Double Door 2 Star Refrigerator,25499,29900,15,yes,"Delivery by Tomorrow, Saturday",,,https://www.flipkart.com/godrej-233-l-frost-free-double-door-2-star-refrigerator/p/itma56931f953557?pid=RFRGSRN6W4FMXGFD
Blue Star 45 L Direct Cool Single Door 2 Star Refrigerator,9500,12490,24,yes,"Delivery by 14 Oct, Wednesday",4.1,66,https://www.flipkart.com/blue-star-45-l-direct-cool-single-door-2-refrigerator/p/itm89b12e92891cb?pid=RFRHHHBHN8MZYBUH
Godrej 192 L Direct Cool Single Door 2 Star Refrigerator,16100,21000,23,yes,"Delivery by 13 Oct, Tuesday",,,https://www.flipkart.com/godrej-192-l-direct-cool-single-door-2-star-refrigerator/p/itm1bf55d3ce71b7?pid=RFRGMFXZBGXX2MTH
Godrej 180 L Direct Cool Single Door 3 Star Refrigerator,16900,22000,23,yes,"Delivery by Tomorrow, Saturday",4.3,7,https://www.flipkart.com/godrej-180-l-direct-cool-single-door-3-star-refrigerator/p/itm18a95c4ba0a2f?pid=RFRGQFAYBNVFYVTQ
Godrej 294 L Frost Free Double Door 2 Star Refrigerator,31900,37990,16,yes,"Delivery by Tomorrow, Saturday",4.2,405,https://www.flipkart.com/godrej-294-l-frost-free-double-door-2-star-refrigerator/p/itm6a0be4e2c5572?pid=RFRGPGXN4EKNQXKA
Samsung 215 L Frost Free Single Door 5 Star Refrigerator,26798,30999,14,yes,"Delivery by 15 Oct, Thursday",,,https://www.flipkart.com/samsung-215-l-frost-free-single-door-5-star-refrigerator/p/itm195d25b9257f2?pid=RFRHMZ5WUJMWHC52
Samsung 215 L Direct Cool Single Door 5 Star Refrigerator,23398,30999,25,yes,"Delivery by 17 Oct, Saturday",,,https://www.flipkart.com/samsung-215-l-direct-cool-single-door-5-star-refrigerator/p/itm09fd61cbed5bd?pid=RFRHJ4JJMDH4AK59
Samsung 215 L Direct Cool Single Door 5 Star Refrigerator,23398,30999,25,yes,"Delivery by 17 Oct, Saturday",,,https://www.flipkart.com/samsung-215-l-direct-cool-single-door-5-star-refrigerator/p/itm710dc058fbe71?pid=RFRHJ4JJUGZD2U2R
Whirlpool 237 L Frost Free Triple Door 2 Star Refrigerator,29599,38700,24,yes,"Delivery by Tomorrow, Saturday",,,https://www.flipkart.com/whirlpool-237-l-frost-free-triple-door-2-star-refrigerator/p/itmb8ffe80425861?pid=RFRHMZ5UGZDQMQJZ
Samsung 236 L Frost Free Double Door Top Mount 1 Star Refrigerator,27487,37999,28,yes,"Delivery by 17 Oct, Saturday",,,https://www.flipkart.com/samsung-236-l-frost-free-double-door-top-mount-1-star-refrigerator/p/itm26518fcb006cd?pid=RFRHJYT9CZJPHFNZ
CANDY 328 L Frost Free Double Door 2 Star Convertible Refrigerator,29990,38990,23,yes,"Delivery in 2 days, Sunday",4.3,"3,958",https://www.flipkart.com/candy-328-l-frost-free-double-door-2-star-convertible-refrigerator/p/itmad65129f0f3b9?pid=RFRHFGFCACZPZJTQ
"Samsung 236 L Frost Free Double Door 3 Star Refrigerator  with Convertible, Digital Inverter, 2026 Mod...",27990,35999,22,yes,"Delivery in 2 days, Sunday",4.4,"45,489",https://www.flipkart.com/samsung-236-l-frost-free-double-door-3-star-refrigerator-convertible-digital-inverter-2026-model/p/itm9b28da5871f45?pid=RFRHJFA7DGPWXADC
"Samsung 256 L Frost Free Double Door 2 Star Refrigerator  with Digital Inverter, 2026 Model",27990,35999,22,yes,"Delivery by 14 Oct, Wednesday",4.3,"24,459",https://www.flipkart.com/samsung-256-l-frost-free-double-door-2-star-refrigerator-digital-inverter-2026-model/p/itm24f031f4f833a?pid=RFRHJ7MHDGC6T8EH
Haier 240 L Frost Free Double Door 1 Star Convertible Refrigerator  with Cool Pad for Extended Cooling...,22590,31290,28,yes,"Delivery in 2 days, Sunday",4.3,"5,677",https://www.flipkart.com/haier-240-l-frost-free-double-door-1-star-convertible-refrigerator-cool-pad-extended-cooling-spacious-fresh-zone/p/itm2920fbd6633c0?pid=RFRHH3GEQDK856HS
Samsung 215 L Direct Cool Single Door 4 Star Refrigerator,22504,29999,25,yes,"Delivery by 17 Oct, Saturday",,,https://www.flipkart.com/samsung-215-l-direct-cool-single-door-4-star-refrigerator/p/itmf05c1d0d0dfc7?pid=RFRHJ4JJSZJBY8J9
Samsung 215 L Direct Cool Single Door 4 Star Refrigerator,22772,29999,24,yes,"Delivery by 17 Oct, Saturday",,,https://www.flipkart.com/samsung-215-l-direct-cool-single-door-4-star-refrigerator/p/itmc11c19c378e24?pid=RFRHJ4JJVMYFQSYY
Haier 237 L Frost Free Double Door 2 Star Convertible Refrigerator,30990,37990,18,yes,"Delivery by Tomorrow, Saturday",,,https://www.flipkart.com/haier-237-l-frost-free-double-door-2-star-convertible-refrigerator/p/itm64eab88202551?pid=RFRHM9VFTHHJEBEQ
"Samsung 183 L Direct Cool Single Door 2 Star Refrigerator  with Digital Inverter, Single Touch Defrost...",14990,18999,21,yes,"Delivery in 2 days, Sunday",4.4,"13,549",https://www.flipkart.com/samsung-183-l-direct-cool-single-door-2-star-refrigerator-digital-inverter-touch-defrost-2026-model/p/itm9842d40c8dea3?pid=RFRHJ2YZZZ2U8THZ
"Samsung 183 L Direct Cool Single Door 4 Star Refrigerator  with Digital Inverter, Single Touch Defrost...",16490,20999,21,yes,"Delivery in 2 days, Sunday",4.4,"14,689",https://www.flipkart.com/samsung-183-l-direct-cool-single-door-4-star-refrigerator-digital-inverter-touch-defrost-2026-model/p/itmd9e6979bcc651?pid=RFRHJ4JJPA4UBHGZ
"Samsung 183 L Direct Cool Single Door 3 Star Refrigerator  with Digital Inverter, Single Touch Defrost...",15790,19999,21,yes,"Delivery by 16 Oct, Friday",4.4,"17,673",https://www.flipkart.com/samsung-183-l-direct-cool-single-door-3-star-refrigerator-digital-inverter-touch-defrost-2026-model/p/itm4bc79ca222d96?pid=RFRHJ4JJVZPHMEJG
"Whirlpool 184 L Direct Cool Single Door 5 Star Refrigerator  with Base drawer, energy efficient, (2026...",17490,22250,21,yes,"Delivery by 15 Oct, Thursday",4.4,"11,195",https://www.flipkart.com/whirlpool-184-l-direct-cool-single-door-5-star-refrigerator-base-drawer-energy-efficient-2026-model/p/itm9cb80040248c7?pid=RFRHK77YYTQMPSQP
Whirlpool 235 L Frost Free Double Door 2 Star Refrigerator,25990,33200,22,yes,"Delivery by 14 Oct, Wednesday",4.2,"6,748",https://www.flipkart.com/whirlpool-235-l-frost-free-double-door-2-star-refrigerator/p/itm2f798f726baeb?pid=RFRHK3X6GE2Q6WWG
Godrej 210 L Frost Free Double Door 2 Star Refrigerator,22490,28550,21,yes,"Delivery by Tomorrow, Saturday",4.3,"8,774",https://www.flipkart.com/godrej-210-l-frost-free-double-door-2-star-refrigerator/p/itm1477c828986b0?pid=RFRGRFWDZGT7PWJR
Whirlpool 192 L Direct Cool Single Door 3 Star Refrigerator,18590,23800,22,yes,"Delivery by Tomorrow, Saturday",4.3,3,https://www.flipkart.com/whirlpool-192-l-direct-cool-single-door-3-star-refrigerator/p/itm93d86111f3350?pid=RFRHM4AR5HJ3ACWU
Godrej 192 L Direct Cool Single Door 3 Star Refrigerator,16959,21490,21,yes,"Delivery by 13 Oct, Tuesday",,,https://www.flipkart.com/godrej-192-l-direct-cool-single-door-3-star-refrigerator/p/itmbcf0b619d0021?pid=RFRGQ2C2ZZWZHFUD
Haier 205 L Direct Cool Single Door 1 Star Refrigerator,18220,22090,18,yes,"Delivery by 16 Oct, Friday",,,https://www.flipkart.com/haier-205-l-direct-cool-single-door-1-star-refrigerator/p/itm310e2ddee0931?pid=RFRHNCGHJGKDKK56
Godrej 253 L Frost Free Double Door Top Mount 2 Star Refrigerator,24999,32000,22,yes,"Delivery by Tomorrow, Saturday",,,https://www.flipkart.com/godrej-253-l-frost-free-double-door-top-mount-2-star-refrigerator/p/itma01590303c05f?pid=RFRGH8XVFGH3GZUD
"Whirlpool 184 L Direct Cool Single Door 2 Star Refrigerator  with upto 9 hour cooling retention, fridg...",13990,17500,20,yes,"Delivery in 2 days, Sunday",4.3,"29,777",https://www.flipkart.com/whirlpool-184-l-direct-cool-single-door-2-star-refrigerator-upto-9-hour-cooling-retention-fridge-2026-model/p/itm84fe20c5c1b08?pid=RFRHJV4MYU3FDTNU
Whirlpool 235 L Frost Free Double Door 2 Star Refrigerator,24990,30490,18,yes,"Delivery in 2 days, Sunday",4.2,"6,748",https://www.flipkart.com/whirlpool-235-l-frost-free-double-door-2-star-refrigerator/p/itm59d3e174106f1?pid=RFRHJX6MKU2VTZRR
Godrej 180 L Direct Cool Single Door 2 Star Refrigerator,15937,20100,21,yes,"Delivery by 13 Oct, Tuesday",,,https://www.flipkart.com/godrej-180-l-direct-cool-single-door-2-star-refrigerator/p/itm312d9645ee09a?pid=RFRGT2HGBNNG64SK
Godrej 180 L Direct Cool Single Door 2 Star Refrigerator,15990,21490,26,yes,"Delivery by Tomorrow, Saturday",,,https://www.flipkart.com/godrej-180-l-direct-cool-single-door-2-star-refrigerator/p/itmd5006eeec7a3c?pid=RFRH8ZNZHQVGJR5Y
Godrej 233 L Frost Free Double Door 2 Star Refrigerator,25490,31490,19,yes,"Delivery by Tomorrow, Saturday",,,https://www.flipkart.com/godrej-233-l-frost-free-double-door-2-star-refrigerator/p/itm1477c828986b0?pid=RFRHHGTEF2MA9PJW
Whirlpool 192 L Frost Free Single Door 3 Star Refrigerator,18999,23800,20,yes,"Delivery by Tomorrow, Saturday",,,https://www.flipkart.com/whirlpool-192-l-frost-free-single-door-3-star-refrigerator/p/itma80da35be5ad7?pid=RFRHPJZEG3FFFTKK
Samsung 189 L Direct Cool Single Door 5 Star Refrigerator with Base Drawer,24362,26999,10,yes,"Delivery by 16 Oct, Friday",,,https://www.flipkart.com/samsung-189-l-direct-cool-single-door-5-star-refrigerator-base-drawer/p/itm0f3029905fca7?pid=RFRHM565ZHGGXW3S
Samsung 183 L Direct Cool Single Door 3 Star Refrigerator with Base Drawer,20499,24999,18,yes,"Delivery by 13 Oct, Tuesday",,,https://www.flipkart.com/samsung-183-l-direct-cool-single-door-3-star-refrigerator-base-drawer/p/itm230a23e02126f?pid=RFRHM4BFGZNUUEAY
Whirlpool 236 L Direct Cool Single Door 3 Star Refrigerator,23490,26200,10,yes,"Delivery by Tomorrow, Saturday",,,https://www.flipkart.com/whirlpool-236-l-direct-cool-single-door-3-star-refrigerator/p/itm49ae8ac78fe4f?pid=RFRHM4M8EZ9HFYZK
"Samsung 236 L Frost Free Double Door 2 Star Refrigerator  with Digital Inverter, 2026 Model",24990,30999,19,yes,"Delivery by 15 Oct, Thursday",4.3,"24,459",https://www.flipkart.com/samsung-236-l-frost-free-double-door-2-star-refrigerator-digital-inverter-2026-model/p/itmfa00e71f38820?pid=RFRHJ7MHJUG64FPQ
"Samsung 215 L Direct Cool Single Door 5 Star Refrigerator with Base Drawer  with Digital Inverter, Sin...",24546,25999,6,yes,"Delivery by 16 Oct, Friday",4.5,"68,481",https://www.flipkart.com/samsung-215-l-direct-cool-single-door-5-star-refrigerator-base-drawer-digital-inverter-touch-defrost-2026-model/p/itm5600d39650380?pid=RFRHJ4JJ6MJC2NDZ
"Samsung 215 L Direct Cool Single Door 5 Star Refrigerator with Base Drawer  with Digital Inverter, Sin...",24546,25999,6,yes,"Delivery by 17 Oct, Saturday",4.5,"68,481",https://www.flipkart.com/samsung-215-l-direct-cool-single-door-5-star-refrigerator-base-drawer-digital-inverter-touch-defrost-2026-model/p/itm048994d9b896b?pid=RFRHJ4JJZVZKXUZZ
"Whirlpool 184 L Direct Cool Single Door 3 Star Refrigerator  with upto 9 hour cooling retention, fridg...",14990,18700,20,yes,"Delivery by 14 Oct, Wednesday",4.3,"3,186",https://www.flipkart.com/whirlpool-184-l-direct-cool-single-door-3-star-refrigerator-upto-9-hour-cooling-retention-fridge-2026-model/p/itm332fe429e5ff6?pid=RFRHK77Y9RWNY95A
Whirlpool 207 L Direct Cool Single Door 4 Star Refrigerator,20990,26150,20,yes,"Delivery by 15 Oct, Thursday",4.3,"1,102",https://www.flipkart.com/whirlpool-207-l-direct-cool-single-door-4-star-refrigerator/p/itm4c8ab693f3f4d?pid=RFRHHHVCXYPYGC8Q
"Samsung 236 L Frost Free Double Door 3 Star Refrigerator  with Digital Inverter, 2026 Model",27490,33999,19,yes,"Delivery by 16 Oct, Friday",4.3,"24,459",https://www.flipkart.com/samsung-236-l-frost-free-double-door-3-star-refrigerator-digital-inverter-2026-model/p/itmedfb6d3df6320?pid=RFRHJ7MHJFHYARUG
Whirlpool 184 L Direct Cool Single Door 5 Star Refrigerator,16990,21000,19,yes,"Delivery by 14 Oct, Wednesday",,,https://www.flipkart.com/whirlpool-184-l-direct-cool-single-door-5-star-refrigerator/p/itm377704a944c27?pid=RFRHPZ67VGZBSTVV
LG 185 L Direct Cool Single Door 3 Star Refrigerator with Base Drawer  with Fast Ice Making,16590,20690,20,yes,"Delivery by Tomorrow, Saturday",,,https://www.flipkart.com/lg-185-l-direct-cool-single-door-3-star-refrigerator-base-drawer-fast-ice-making/p/itme0fd225d5acbd?pid=RFRGHSFKACQUG8ST
Samsung 215 L Direct Cool Single Door 5 Star Refrigerator,23398,30999,25,yes,"Delivery by 17 Oct, Saturday",,,https://www.flipkart.com/samsung-215-l-direct-cool-single-door-5-star-refrigerator/p/itm7022f82aeab9c?pid=RFRHJ4JJGT5ZYYQ4
"Whirlpool 235 L Frost Free Triple Door Refrigerator  with Zeolite Technology, Microblock Technology",27990,34190,18,yes,"Delivery by 14 Oct, Wednesday",4.2,"18,554",https://www.flipkart.com/whirlpool-235-l-frost-free-triple-door-refrigerator-zeolite-technology-microblock-technology/p/itm5d0f65a152e99?pid=RFRHYFQ6GDUPGVQY
"Samsung 236 L Frost Free Double Door 2 Star Refrigerator  with Digital Inverter, 2026 Model",25990,31999,19,yes,"Delivery in 2 days, Sunday",4.3,"24,459",https://www.flipkart.com/samsung-236-l-frost-free-double-door-2-star-refrigerator-digital-inverter-2026-model/p/itm9d4f4eb611112?pid=RFRHJ7MHPGP6GU8R
Godrej 238 L Frost Free Double Door 2 Star Refrigerator,26999,33250,19,yes,"Delivery by Tomorrow, Saturday",,,https://www.flipkart.com/godrej-238-l-frost-free-double-door-2-star-refrigerator/p/itma56931f953557?pid=RFRHNCGENWJX7FFS
BOSCH 185 L Direct Cool Single Door 1 Star Refrigerator,15984,19690,19,yes,"Delivery by 18 Oct, Sunday",,,https://www.flipkart.com/bosch-185-l-direct-cool-single-door-1-star-refrigerator/p/itm8b0653acc50a5?pid=RFRHQDU8MX9BDEHX
"Samsung 236 L Frost Free Double Door 3 Star Refrigerator  with Digital Inverter, 2026 Model",28490,34999,19,yes,"Delivery in 2 days, Sunday",4.3,"24,459",https://www.flipkart.com/samsung-236-l-frost-free-double-door-3-star-refrigerator-digital-inverter-2026-model/p/itm656f0ebd9c8d7?pid=RFRHJFA7YDE5GFXJ
Samsung 215 L Direct Cool Single Door 4 Star Refrigerator with Base Drawer,20490,24999,18,yes,"Delivery in 2 days, Sunday",4.5,"82,751",https://www.flipkart.com/samsung-215-l-direct-cool-single-door-4-star-refrigerator-base-drawer/p/itm221caba72aafd?pid=RFRHJ4JJR9CXAHUB
Whirlpool 215 L Frost Free Triple Door Refrigerator,26490,32150,18,yes,"Delivery by 14 Oct, Wednesday",4.2,"18,554",https://www.flipkart.com/whirlpool-215-l-frost-free-triple-door-refrigerator/p/itm12d3095195b6b?pid=RFRH8WRUK9UJZFVA
Godrej 180 L Direct Cool Single Door 2 Star Refrigerator  with 20L Jumbo Vegetable Tray Advanced Capil...,15599,19000,18,yes,"Delivery by Tomorrow, Saturday",4.3,604,https://www.flipkart.com/godrej-180-l-direct-cool-single-door-2-star-refrigerator-20l-jumbo-vegetable-tray-advanced-capillary-technology-2-5l-bottle-space/p/itm2def89a86a8d4?pid=RFRHMKUYYDGPZHZA
"Whirlpool 184 L Direct Cool Single Door 5 Star Refrigerator  with Base drawer, energy efficient, (2026...",17490,21150,17,yes,"Delivery in 2 days, Sunday",4.4,"11,195",https://www.flipkart.com/whirlpool-184-l-direct-cool-single-door-5-star-refrigerator-base-drawer-energy-efficient-2026-model/p/itm11a4c761f24ab?pid=RFRHK77YA432ETJK
"Whirlpool 207 L Direct Cool Single Door 3 Star Refrigerator  with IntelliSense Inverter Technology, (2...",17990,21700,17,yes,"Delivery in 2 days, Sunday",,,https://www.flipkart.com/whirlpool-207-l-direct-cool-single-door-3-star-refrigerator-intellisense-inverter-technology-2026-model/p/itm5d2cce2cd6816?pid=RFRHHGYK2R4Z42Q8
Godrej 183 L Direct Cool Single Door 2 Star Refrigerator  with Jumbo Vegetable Tray and Toughened Glas...,15599,19000,18,yes,"Delivery by Tomorrow, Saturday",4.3,"2,275",https://www.flipkart.com/godrej-183-l-direct-cool-single-door-2-star-refrigerator-jumbo-vegetable-tray-toughened-glass-shelves/p/itm41c397182ab4d?pid=RFRGZFZFRMZZTFFD
Samsung 183 L Direct Cool Single Door 2 Star Refrigerator,17890,20999,15,yes,"Delivery by 16 Oct, Friday",,,https://www.flipkart.com/samsung-183-l-direct-cool-single-door-2-star-refrigerator/p/itmfc32d5e493aee?pid=RFRHJ4JJKWDFHBDG
Haier 240 L Frost Free Double Door 2 Star Refrigerator,25490,30990,18,yes,"Delivery by Tomorrow, Saturday",4.3,937,https://www.flipkart.com/haier-240-l-frost-free-double-door-2-star-refrigerator/p/itm980e4de34f37a?pid=RFRHDHK8CPXCXXSQ
"Samsung 189 L Direct Cool Single Door 4 Star Refrigerator with Base Drawer  with Digital Inverter, Sin...",17490,20999,17,yes,"Delivery in 2 days, Sunday",4.5,"82,751",https://www.flipkart.com/samsung-189-l-direct-cool-single-door-4-star-refrigerator-base-drawer-digital-inverter-touch-defrost-2026-model/p/itm1eca224d1df40?pid=RFRHJ4JJZ7AXQHCE
"Samsung 236 L Frost Free Double Door 2 Star Refrigerator  with Convertible, Digital Inverter, 2026 Mod...",28490,33999,16,yes,"Delivery in 2 days, Sunday",4.4,"45,489",https://www.flipkart.com/samsung-236-l-frost-free-double-door-2-star-refrigerator-convertible-digital-inverter-2026-model/p/itma79cff5a071e1?pid=RFRHJ7MHVSZREHH6
"Whirlpool 207 L Direct Cool Single Door 3 Star Refrigerator  with IntelliSense Inverter Technology, (2...",18990,22700,16,yes,"Delivery by 14 Oct, Wednesday",4.3,"3,186",https://www.flipkart.com/whirlpool-207-l-direct-cool-single-door-3-star-refrigerator-intellisense-inverter-technology-2026-model/p/itmde23f9370919d?pid=RFRHHGYKYRNPKNYG
"Samsung 189 L Direct Cool Single Door 4 Star Refrigerator with Base Drawer  with Digital Inverter, Sin...",17490,20999,17,yes,"Delivery in 2 days, Sunday",4.5,"82,751",https://www.flipkart.com/samsung-189-l-direct-cool-single-door-4-star-refrigerator-base-drawer-digital-inverter-touch-defrost-2026-model/p/itm6eeb76711967a?pid=RFRHJ4JJQZ3AYZWF
Haier 240 L Frost Free Double Door 2 Star Refrigerator,24900,29990,17,yes,"Delivery by Tomorrow, Saturday",4.3,"5,677",https://www.flipkart.com/haier-240-l-frost-free-double-door-2-star-refrigerator/p/itm41f2e82d001d6?pid=RFRGHQAF3SZBHGX5
Whirlpool 192 L Direct Cool Single Door 3 Star Refrigerator,18490,18775,2,yes,"Delivery by Tomorrow, Saturday",4.3,"3,186",https://www.flipkart.com/whirlpool-192-l-direct-cool-single-door-3-star-refrigerator/p/itmf3hzzhg4kzbgh?pid=RFRF3HZZSRAKKMD9
Godrej 223 L Frost Free Double Door 3 Star Refrigerator  with 6-in-1 Freezer Convertible 30 Days Farm ...,23990,27690,13,yes,"Delivery by 21 Oct, Wednesday",4.2,"2,801",https://www.flipkart.com/godrej-223-l-frost-free-double-door-3-star-refrigerator-6-in-1-freezer-convertible-30-days-farm-freshness-95-food-surface-disinfection/p/itma0a4e4d99e87f?pid=RFRHK4XV5YNEEABZ
Godrej 233 L Frost Free Double Door 2 Star Refrigerator,24999,28800,13,yes,"Delivery by 13 Oct, Tuesday",,,https://www.flipkart.com/godrej-233-l-frost-free-double-door-2-star-refrigerator/p/itm1e5f795685be4?pid=RFRHHGTFHEZKVSHS
LG 90 L Direct Cool Single Door 1 Star Refrigerator,12990,14990,13,yes,"Delivery in 2 days, Sunday",3.9,483,https://www.flipkart.com/lg-90-l-direct-cool-single-door-1-star-refrigerator/p/itm4466332e1ba27?pid=RFRHK762WFFZWXZJ
Samsung 223 L Direct Cool Single Door 3 Star Refrigerator,24790,25999,5,yes,"Delivery by Tomorrow, Saturday",,,https://www.flipkart.com/samsung-223-l-direct-cool-single-door-3-star-refrigerator/p/itmdea598535c8e2?pid=RFRHJ4JJG3TFHSFP
Whirlpool 207 L Direct Cool Single Door 5 Star Refrigerator  with IntelliSense Inveter Technology and ...,20050,22600,11,yes,"Delivery by 14 Oct, Wednesday",4.4,"11,195",https://www.flipkart.com/whirlpool-207-l-direct-cool-single-door-5-star-refrigerator-intellisense-inveter-technology-base-drawer-2026-model/p/itm65f68a7b445bb?pid=RFRHK77Y98QDXGZ6
Samsung 223 L Direct Cool Single Door 3 Star Refrigerator,23130,25999,11,yes,"Delivery by 17 Oct, Saturday",,,https://www.flipkart.com/samsung-223-l-direct-cool-single-door-3-star-refrigerator/p/itm2b458c192384f?pid=RFRHJ4JJBWYHZ68G
LG 43 L Direct Cool Single Door 3 Star Refrigerator,11499,13000,12,yes,"Delivery by Tomorrow, Saturday",,,https://www.flipkart.com/lg-43-l-direct-cool-single-door-3-star-refrigerator/p/itmfecdfac16dd98?pid=RFRHM9VHHCKHYNFZ
Godrej 180 L Direct Cool Single Door 5 Star Refrigerator  with Jumbo Vegetable Tray�With Faster Coolin...,18999,21000,10,yes,"Delivery by Tomorrow, Saturday",4.3,"12,134",https://www.flipkart.com/godrej-180-l-direct-cool-single-door-5-star-refrigerator-jumbo-vegetable-traywith-faster-cooling-ice-making/p/itm1a4442d8410ad?pid=RFRGSZABWMEHBCC5
Whirlpool 192 L Direct Cool Single Door 3 Star Refrigerator,17599,18929,7,yes,"Delivery by Tomorrow, Saturday",4.2,119,https://www.flipkart.com/whirlpool-192-l-direct-cool-single-door-3-star-refrigerator/p/itm51c34606375df?pid=RFRFQGESZ4Q6PHBJ
Godrej 180 L Direct Cool Single Door 2 Star Refrigerator,15999,17690,10,yes,"Delivery by Tomorrow, Saturday",,,https://www.flipkart.com/godrej-180-l-direct-cool-single-door-2-star-refrigerator/p/itm1693517772615?pid=RFRGT2HSUGYZGWKW
"Lloyd 178 L Direct Cool Single Door 2 Star Refrigerator  with with Viruzsafe Technology, Quick Chillin...",17514,17990,3,yes,"Delivery by 17 Oct, Saturday",4.5,78,https://www.flipkart.com/lloyd-178-l-direct-cool-single-door-2-star-refrigerator-viruzsafe-technology-quick-chilling-zone-fleximax-design/p/itm7bce16e1bb79b?pid=RFRH3MTGZUFQQRUP
Godrej 185 L Direct Cool Single Door 5 Star Refrigerator  with 22L Jumbo Vegetable Tray Advanced Inver...,25490,4150,-514,yes,"Delivery by 16 Oct, Friday",4.3,"4,340",https://www.flipkart.com/godrej-185-l-direct-cool-single-door-5-star-refrigerator-22l-jumbo-vegetable-tray-advanced-inverter-technology-2-5l-bottle-space/p/itm5b9c7956fd211?pid=RFRHMKUYYNAPGPJR
Voltas Beko 183 L Direct Cool Single Door 4 Star Refrigerator,18980,4150,-357,yes,"Delivery by 15 Oct, Thursday",4.4,"6,923",https://www.flipkart.com/voltas-beko-183-l-direct-cool-single-door-4-star-refrigerator/p/itmee0242f3df1c2?pid=RFRHFRNF5KKZXJUK
"IFB 197 L Direct Cool Single Door 4 Star Refrigerator  with 30 Hrs Cooling Retention, Big Vegetable Bo...",24100,4150,-481,yes,"Delivery in 2 days, Sunday",4.1,7,https://www.flipkart.com/ifb-197-l-direct-cool-single-door-4-star-refrigerator-30-hrs-cooling-retention-big-vegetable-box-humidity-controller-25-days-fresh-xl-bottle-bin-advanced-inverter-compressor-year-super-warranty/p/itm8431bb3cbcf0a?pid=RFRHMBFEZ6PEF3RH
Whirlpool 207 L Direct Cool Single Door 5 Star Refrigerator,25100,4150,-505,yes,"Delivery by 14 Oct, Wednesday",,,https://www.flipkart.com/whirlpool-207-l-direct-cool-single-door-5-star-refrigerator/p/itmb2c066ccc5079?pid=RFRHZGKRQMHJ66UP
"Haier 190 L Direct Cool Single Door 5 Star Refrigerator with Base Drawer  with ,Large Storage Space1 H...",24490,4150,-490,yes,"Delivery in 2 days, Sunday",4.4,"17,860",https://www.flipkart.com/haier-190-l-direct-cool-single-door-5-star-refrigerator-base-drawer-large-storage-space1-hour-icing-technology/p/itmb186a7a84114d?pid=RFRGR99PYUKMFHGV
Billion 182 L Direct Cool Single Door 1 Star Refrigerator  with Toughened Glass Shelves and Large Vege...,19990,4150,-382,yes,"Delivery by 14 Oct, Wednesday",4.3,"5,906",https://www.flipkart.com/billion-182-l-direct-cool-single-door-1-star-refrigerator-toughened-glass-shelves-large-vegetable-basket/p/itm8e1fae166c22a?pid=RFRHKUNFU2BMBUZU
"realme TechLife 180 L Direct Cool Single Door 5 Star Refrigerator  with Curved Door, Rapid Chill Techn...",28990,4150,-599,yes,"Delivery in 2 days, Sunday",4.2,"1,166",https://www.flipkart.com/realme-techlife-180-l-direct-cool-single-door-5-star-refrigerator-curved-door-rapid-chill-technology-large-vegetable-basket/p/itm964484c2a23b2?pid=RFRHAEY7KS5JZQM2
Voltas Beko 183 L Direct Cool Single Door 2 Star Refrigerator,27990,6900,-306,yes,"Delivery by 18 Oct, Sunday",4.3,219,https://www.flipkart.com/voltas-beko-183-l-direct-cool-single-door-2-star-refrigerator/p/itm55fa92eaa643b?pid=RFRHHH5DPXDRGSCR
Whirlpool 184 L Direct Cool Single Door 2 Star Refrigerator with Base Drawer,16900,50000,66,no,,,,https://www.flipkart.com/whirlpool-184-l-direct-cool-single-door-2-star-refrigerator-base-drawer/p/itmff363027e0fb5?pid=RFRHNCGU6JVHHUJD
Haier 268 L Frost Free Double Door 2 Star Convertible Refrigerator,26839,69990,62,no,,,,https://www.flipkart.com/haier-268-l-frost-free-double-door-2-star-convertible-refrigerator/p/itm922f0b4973d2e?pid=RFRHHPMGPSRWMCFB
Lloyd 185 L Direct Cool Single Door 3 Star Refrigerator,15517,39290,61,no,,,,https://www.flipkart.com/lloyd-185-l-direct-cool-single-door-3-star-refrigerator/p/itm159cf58a45494?pid=RFRHZYPGXXKHFMQD
Kenstar 182 L Direct Cool Single Door 1 Star Refrigerator,9999,23990,58,no,,4.2,492,https://www.flipkart.com/kenstar-182-l-direct-cool-single-door-1-star-refrigerator/p/itm7fddcbcaeb5ae?pid=RFRHNQSXPQAWZBZX
Lloyd 185 L Direct Cool Single Door 3 Star Refrigerator with Base Drawer,16798,39290,57,no,,,,https://www.flipkart.com/lloyd-185-l-direct-cool-single-door-3-star-refrigerator-base-drawer/p/itm8f7de99c35982?pid=RFRHMZYKZ5TSK3ZB
Lloyd 185 L Direct Cool Single Door 3 Star Refrigerator with Base Drawer,16798,39290,57,no,,,,https://www.flipkart.com/lloyd-185-l-direct-cool-single-door-3-star-refrigerator-base-drawer/p/itm208f4b68ea906?pid=RFRHMZYKHGUQYRWN
Lloyd 185 L Direct Cool Single Door 4 Star Refrigerator with Base Drawer,17769,41690,57,no,,,,https://www.flipkart.com/lloyd-185-l-direct-cool-single-door-4-star-refrigerator-base-drawer/p/itmf3e29b69a0cc1?pid=RFRHMZYKEXPNHZAW
Lloyd 185 L Direct Cool Single Door 3 Star Refrigerator,16128,36190,55,no,,,,https://www.flipkart.com/lloyd-185-l-direct-cool-single-door-3-star-refrigerator/p/itm219f4a75d3c29?pid=RFRHMZYKWGC8ADVK
Lloyd 185 L Direct Cool Single Door 3 Star Refrigerator,15999,36190,56,no,,,,https://www.flipkart.com/lloyd-185-l-direct-cool-single-door-3-star-refrigerator/p/itmbd8711b564f2c?pid=RFRHZYPGYHVPKVBY
Voltas Beko 243 L Frost Free Double Door 2 Star Refrigerator,23990,50130,52,no,,4.2,"3,085",https://www.flipkart.com/voltas-beko-243-l-frost-free-double-door-2-star-refrigerator/p/itm04fcb2947e3cf?pid=RFRHM2WH3ZUAQ6XB
Kenstar 182 L Direct Cool Single Door 1 Star Refrigerator,11490,23990,52,no,,4.2,492,https://www.flipkart.com/kenstar-182-l-direct-cool-single-door-1-star-refrigerator/p/itm0a04d1c7850bb?pid=RFRHNQSXFDNXFURF
HAVELLS 231 L Direct Cool Double Door 2 Star Refrigerator,23989,50390,52,no,,,,https://www.flipkart.com/havells-231-l-direct-cool-double-door-2-star-refrigerator/p/itm24e4a12e8a5d8?pid=RFRHRC2SRPNGTWHF
Voltas Beko 183 L Direct Cool Single Door 2 Star Refrigerator,13390,27990,52,no,,4.3,204,https://www.flipkart.com/voltas-beko-183-l-direct-cool-single-door-2-star-refrigerator/p/itm295512dc0d9eb?pid=RFRHHNV65KVH5UDH
Voltas Beko 243 L Frost Free Double Door 2 Star Refrigerator,24240,50130,52,no,,4.2,"3,085",https://www.flipkart.com/voltas-beko-243-l-frost-free-double-door-2-star-refrigerator/p/itma2c7d53cb3d98?pid=RFRHM2WHWUXZYZMT
realme TechLife 84 L Direct Cool Single Door 2 Star Refrigerator,7990,15990,50,no,,4.3,"1,768",https://www.flipkart.com/realme-techlife-84-l-direct-cool-single-door-2-star-refrigerator/p/itme2b6da7bce668?pid=RFRHKUNFSVK8S9HB
Voltas Beko 183 L Direct Cool Single Door 2 Star Refrigerator,13990,27990,50,no,,4.4,191,https://www.flipkart.com/voltas-beko-183-l-direct-cool-single-door-2-star-refrigerator/p/itm6581315e0f4c7?pid=RFRHMHHPTCWQ9DDZ
Rockwell 45 L Direct Cool Single Door 2 Star Refrigerator,9460,18515,49,no,,,,https://www.flipkart.com/rockwell-45-l-direct-cool-single-door-2-star-refrigerator/p/itm6cd1236b0e934?pid=RFRHNDJVCNM3K7YH
Rockwell 45 L Direct Cool Single Door 2 Star Refrigerator,9138,18515,51,no,,,,https://www.flipkart.com/rockwell-45-l-direct-cool-single-door-2-star-refrigerator/p/itm6cd1236b0e934?pid=RFRHNDJWD7BXHFDH
realme TechLife 180 L Direct Cool Single Door 4 Star Refrigerator,13940,26990,48,no,,4.2,"3,821",https://www.flipkart.com/realme-techlife-180-l-direct-cool-single-door-4-star-refrigerator/p/itm80e6243d52c91?pid=RFRHKUNF3Y3WR2XN
Voltas Beko 183 L Direct Cool Single Door 3 Star Refrigerator,15490,30090,49,no,,4.3,"14,057",https://www.flipkart.com/voltas-beko-183-l-direct-cool-single-door-3-star-refrigerator/p/itmb005214fbaaa1?pid=RFRHHNV6TPHVRYUK
Lloyd 185 L Direct Cool Single Door 3 Star Refrigerator,15990,30990,48,no,,,,https://www.flipkart.com/lloyd-185-l-direct-cool-single-door-3-star-refrigerator/p/itma480cea66456f?pid=RFRHZYPG6YQYEUUC
realme TechLife 180 L Direct Cool Single Door 4 Star Refrigerator,13940,26990,48,no,,4.2,"3,821",https://www.flipkart.com/realme-techlife-180-l-direct-cool-single-door-4-star-refrigerator/p/itm82cfbc2a2fed8?pid=RFRHKUNFNBNSK8GG
Lloyd 185 L Direct Cool Single Door 3 Star Refrigerator,17290,32790,47,no,,,,https://www.flipkart.com/lloyd-185-l-direct-cool-single-door-3-star-refrigerator/p/itma572be6b9dbe9?pid=RFRHZYPGWTXGTCFP
Voltas Beko 228 L Frost Free Double Door 2 Star Refrigerator,23890,43590,45,no,,,,https://www.flipkart.com/voltas-beko-228-l-frost-free-double-door-2-star-refrigerator/p/itm97c5186130569?pid=RFRHRYZHMCCGGEFY
Lloyd 205 L Direct Cool Single Door 3 Star Refrigerator with Base Drawer,23499,43190,46,no,,,,https://www.flipkart.com/lloyd-205-l-direct-cool-single-door-3-star-refrigerator-base-drawer/p/itm80e47caf4c0b9?pid=RFRHRJV4HEXKCMDF
Voltas Beko 185 L Direct Cool Single Door 4 Star Refrigerator,17215,30790,44,no,,,,https://www.flipkart.com/voltas-beko-185-l-direct-cool-single-door-4-star-refrigerator/p/itm25faa4ab6b275?pid=RFRH74U7HEJFYBZH
Lloyd 195 L Direct Cool Single Door 3 Star Refrigerator with Base Drawer,17097,29590,42,no,,,,https://www.flipkart.com/lloyd-195-l-direct-cool-single-door-3-star-refrigerator-base-drawer/p/itm1b0bdd1e808a6?pid=RFRHF78GFDRWKBHA
Sharp 285 L Frost Free Double Door Top Mount 2 Star Refrigerator,26826,46500,42,no,,,,https://www.flipkart.com/sharp-285-l-frost-free-double-door-top-mount-2-star-refrigerator/p/itm11ceaee871a1d?pid=RFRH4ZHHZZVYJGVZ
Sharp 265 L Frost Free Double Door Top Mount 2 Star Refrigerator,25097,43500,42,no,,,,https://www.flipkart.com/sharp-265-l-frost-free-double-door-top-mount-2-star-refrigerator/p/itm9c1eee72e70f5?pid=RFRH4ZHHUXZGHAP7
Sharp 306 L Frost Free Double Door Top Mount 2 Star Refrigerator,28556,49500,42,no,,,,https://www.flipkart.com/sharp-306-l-frost-free-double-door-top-mount-2-star-refrigerator/p/itmc66123c52d615?pid=RFRHG3GS8K5GPXQX
Voltas Beko 185 L Direct Cool Single Door 3 Star Refrigerator with Base Drawer,16999,29090,42,no,,,,https://www.flipkart.com/voltas-beko-185-l-direct-cool-single-door-3-star-refrigerator-base-drawer/p/itm9c095a748a0d6?pid=RFRHJFGZHWKTAZTJ
Whirlpool 236 L Direct Cool Single Door 3 Star Refrigerator,23791,39990,41,no,,,,https://www.flipkart.com/whirlpool-236-l-direct-cool-single-door-3-star-refrigerator/p/itmd9a821d9e5883?pid=RFRHZQQ9DEMZPGMR
HAVELLS 175 L Direct Cool Single Door 2 Star Refrigerator,15693,26190,40,no,,,,https://www.flipkart.com/havells-175-l-direct-cool-single-door-2-star-refrigerator/p/itm6f0ff9c75c0bd?pid=RFRHPH5G6RY4KJHX
Whirlpool 180 L Direct Cool Single Door 1 Star Refrigerator,12999,21499,40,no,,4.2,28,https://www.flipkart.com/whirlpool-180-l-direct-cool-single-door-1-star-refrigerator/p/itmb46f691df4b6f?pid=RFRHERP2YFHSDTJW
HAVELLS 185 L Direct Cool Single Door 2 Star Refrigerator,16516,27090,39,no,,,,https://www.flipkart.com/havells-185-l-direct-cool-single-door-2-star-refrigerator/p/itma97597600e993?pid=RFRHPH5GVHWGBKMV
Voltas 230 L Frost Free Double Door 2 Star Refrigerator,26508,43590,39,no,,,,https://www.flipkart.com/voltas-230-l-frost-free-double-door-2-star-refrigerator/p/itm6885b0be1b57b?pid=RFRHP9H2YWRSZSUH
Lloyd 240 L Frost Free Double Door 2 Star Refrigerator with Base Drawer,26217,43390,40,no,,,,https://www.flipkart.com/lloyd-240-l-frost-free-double-door-2-star-refrigerator-base-drawer/p/itm89c5f0c7c7be9?pid=RFRHJ2DPXUCV4ZJT
Lloyd 185 L Direct Cool Single Door 2 Star Refrigerator,17970,29890,40,no,,,,https://www.flipkart.com/lloyd-185-l-direct-cool-single-door-2-star-refrigerator/p/itme319777e55106?pid=RFRHZYPGHWBHAHHM
IFB 241 L Frost Free Double Door 1 Star Refrigerator,22990,38000,40,no,,,,https://www.flipkart.com/ifb-241-l-frost-free-double-door-1-star-refrigerator/p/itm2daa89253b941?pid=RFRHNGYBJGZBUJ4A
Godrej 223 L Frost Free Double Door 2 Star Refrigerator  with Advanced Inverter and 95%+ Food Surface ...,20790,33690,38,no,,4.3,"5,312",https://www.flipkart.com/godrej-223-l-frost-free-double-door-2-star-refrigerator-advanced-inverter-95-food-surface-disinfection/p/itmca5e112116c9e?pid=RFRGNGYVZBWHHWA8
Voltas Beko 230 L Frost Free Double Door 3 Star Convertible Refrigerator,26992,43590,38,no,,,,https://www.flipkart.com/voltas-beko-230-l-frost-free-double-door-3-star-convertible-refrigerator/p/itmfd405183f33bc?pid=RFRHYAE2PGQHNMEG
Lloyd by Havells 240 L Frost Free Double Door 2 Star Refrigerator,25601,41890,39,no,,,,https://www.flipkart.com/lloyd-havells-240-l-frost-free-double-door-2-star-refrigerator/p/itm2d9e76e7ca54e?pid=RFRGQ6NX3FRMACZC
Haier 185 L Direct Cool Single Door 5 Star Refrigerator,20509,33490,39,no,,,,https://www.flipkart.com/haier-185-l-direct-cool-single-door-5-star-refrigerator/p/itmeb683330f2469?pid=RFRHP9GW3TGY6WZA
BOSCH 207 L Direct Cool Single Door 4 Star Refrigerator,18290,29200,37,no,,4.3,67,https://www.flipkart.com/bosch-207-l-direct-cool-single-door-4-star-refrigerator/p/itm72bb421c91222?pid=RFRHKY3WJCYKPDFK
Whirlpool 184 L Direct Cool Single Door 2 Star Refrigerator with Base Drawer,15998,25500,37,no,,,,https://www.flipkart.com/whirlpool-184-l-direct-cool-single-door-2-star-refrigerator-base-drawer/p/itmb7f4f7cbc3bf9?pid=RFRHNCGWC3A79QRX
IFB 241 L Frost Free Double Door 1 Star Convertible Refrigerator,25235,40700,38,no,,,,https://www.flipkart.com/ifb-241-l-frost-free-double-door-1-star-convertible-refrigerator/p/itm2817f15b1dd28?pid=RFRHZ2DU4RXJYCTM
Haier 237 L Frost Free Double Door 2 Star Convertible Refrigerator,29390,46090,36,no,,,,https://www.flipkart.com/haier-237-l-frost-free-double-door-2-star-convertible-refrigerator/p/itm2cc861fed7056?pid=RFRHP9GWAWKKNRYV
Whirlpool 184 L Direct Cool Single Door 2 Star Refrigerator,14353,25550,44,no,,4.3,752,https://www.flipkart.com/whirlpool-184-l-direct-cool-single-door-2-star-refrigerator/p/itm334315a5cbe5f?pid=RFRHYYYQFGSGXEMS
"Haier 190 L Direct Cool Single Door 5 Star Refrigerator  with Fast Ice Making, Easy Clean Back, Large ...",16590,25790,36,no,,4.3,"3,954",https://www.flipkart.com/haier-190-l-direct-cool-single-door-5-star-refrigerator-fast-ice-making-easy-clean-back-large-vegetable-box-2026-model/p/itm485536461e7ab?pid=RFRHKMPPG6BWRHS3
Whirlpool 235 L Frost Free Triple Door Refrigerator,24240,37700,36,no,,4.3,"21,326",https://www.flipkart.com/whirlpool-235-l-frost-free-triple-door-refrigerator/p/itm0da10469baf2b?pid=RFRDZEQ7BNKJSHJ7
Whirlpool 180 L Direct Cool Single Door 1 Star Refrigerator,12290,18990,35,no,,,,https://www.flipkart.com/whirlpool-180-l-direct-cool-single-door-1-star-refrigerator/p/itmd530694c83887?pid=RFRHF8HGF6GQ4F4H
Whirlpool 190 L Direct Cool Single Door 4 Star Refrigerator,15831,24500,35,no,,4.3,"8,649",https://www.flipkart.com/whirlpool-190-l-direct-cool-single-door-4-star-refrigerator/p/itm66ba5c1c9b788?pid=RFRFZVTW5KG4J5CF
Godrej 194 L Direct Cool Single Door 5 Star Refrigerator with Base Drawer,19945,30740,35,no,,,,https://www.flipkart.com/godrej-194-l-direct-cool-single-door-5-star-refrigerator-base-drawer/p/itm1edb23f2d6f52?pid=RFRHQ9FVDTNJNGZG
Godrej 185 L Direct Cool Single Door 4 Star Refrigerator  with 22L Jumbo Vegetable Tray Advanced Inver...,15990,24490,35,no,,4.4,"12,635",https://www.flipkart.com/godrej-185-l-direct-cool-single-door-4-star-refrigerator-22l-jumbo-vegetable-tray-advanced-inverter-technology-2-5l-bottle-space/p/itm1b1ecabd0bbc8?pid=RFRHMKUYSHXPYF3K
Whirlpool 184 L Direct Cool Single Door 4 Star Refrigerator with Base Drawer,16990,25900,34,no,,4.4,"14,441",https://www.flipkart.com/whirlpool-184-l-direct-cool-single-door-4-star-refrigerator-base-drawer/p/itmcd8b0e6eed887?pid=RFRGYWHZRTYGWWBM
Haier 253 L Direct Cool Single Door 2 Star Refrigerator,23265,35690,35,no,,,,https://www.flipkart.com/haier-253-l-direct-cool-single-door-2-star-refrigerator/p/itm9338a02f73de6?pid=RFRHP9GWYFZASPPZ
Voltas Beko 185 L Direct Cool Single Door 4 Star Refrigerator,16904,25999,35,no,,,,https://www.flipkart.com/voltas-beko-185-l-direct-cool-single-door-4-star-refrigerator/p/itm2de3ce43762d6?pid=RFRH74U7HGHGQKSZ
Samsung 183 L Direct Cool Single Door 4 Star Refrigerator,16999,25999,35,no,,,,https://www.flipkart.com/samsung-183-l-direct-cool-single-door-4-star-refrigerator/p/itm9ef2cf854b45b?pid=RFRHJ2YZAZGH45DX
Lloyd 48 L Direct Cool Single Door 1 Star Refrigerator,10284,15790,35,no,,,,https://www.flipkart.com/lloyd-48-l-direct-cool-single-door-1-star-refrigerator/p/itmc8c213aa8c3a3?pid=RFRHZQQ9ZWMPF9F3
Godrej 185 L Direct Cool Single Door 5 Star Refrigerator  with Base Drawer 22L Jumbo Vegetable Tray Ad...,17290,25990,33,no,,4.3,"4,340",https://www.flipkart.com/godrej-185-l-direct-cool-single-door-5-star-refrigerator-base-drawer-22l-jumbo-vegetable-tray-advanced-inverter-technology/p/itm303b030a7ed37?pid=RFRHHHF2GBKRN5NC
"IFB 241 L Frost Free Double Door 2 Star Refrigerator  with 7-in-1 Multi Mode, 30 Hrs Cooling Retention...",25390,38200,34,no,,4.5,820,https://www.flipkart.com/ifb-241-l-frost-free-double-door-2-star-refrigerator-7-in-1-multi-mode-30-hrs-cooling-retention-big-vegetable-box-humidity-controller-30-days-fresh-xl-bottle-bin-advanced-inverter-compressor-4-year-super-warranty/p/itm2513f0e2ff3e0?pid=RFRHM8QMRDZEBZQA
Whirlpool 237 L Frost Free Triple Door Bottom Mount 2 Star Refrigerator,24880,37500,34,no,,3.8,17,https://www.flipkart.com/whirlpool-237-l-frost-free-triple-door-bottom-mount-2-star-refrigerator/p/itma1cdae8416ef1?pid=RFRHKUFPBSGNU8ZX
Whirlpool 184 L Direct Cool Single Door 4 Star Refrigerator with Base Drawer  with Intellisense Invert...,16981,25500,33,no,,4.4,"14,441",https://www.flipkart.com/whirlpool-184-l-direct-cool-single-door-4-star-refrigerator-base-drawer-intellisense-inverter-compressor/p/itm2323fcc8af534?pid=RFRGHRHHVAFDQXZJ
Panasonic 230 L Direct Cool Single Door 3 Star Refrigerator,20090,30290,34,no,,4.2,761,https://www.flipkart.com/panasonic-230-l-direct-cool-single-door-3-star-refrigerator/p/itmee14294c7ca7e?pid=RFRHAMXQTXCVF5UA
"IFB 241 L Frost Free Double Door 2 Star Convertible Refrigerator  with 10-in-1 Convertible, 30 Hrs Coo...",26390,39700,34,no,,4.5,820,https://www.flipkart.com/ifb-241-l-frost-free-double-door-2-star-convertible-refrigerator-10-in-1-convertible-30-hrs-cooling-retention-big-vegetable-box-humidity-controller-30-days-fresh-xl-bottle-bin-advanced-inverter-compressor-4-year-super-warranty/p/itm5412c1209adb1?pid=RFRHM8QMNV3J8W2T
Godrej 185 L Direct Cool Single Door 5 Star Refrigerator  with 22L Jumbo Vegetable Tray Advanced Inver...,17290,25490,32,no,,4.3,"4,340",https://www.flipkart.com/godrej-185-l-direct-cool-single-door-5-star-refrigerator-22l-jumbo-vegetable-tray-advanced-inverter-technology-2-5l-bottle-space/p/itme4a3920010202?pid=RFRHK5YHCSVBHWEV
Haier 185 L Direct Cool Single Door 1 Star Refrigerator,13390,19890,33,no,,,,https://www.flipkart.com/haier-185-l-direct-cool-single-door-1-star-refrigerator/p/itmc1aa239caf92d?pid=RFRHZDGBHSBPJSQK
Haier 185 L Direct Cool Single Door 1 Star Refrigerator,13200,19590,33,no,,3.8,4,https://www.flipkart.com/haier-185-l-direct-cool-single-door-1-star-refrigerator/p/itm70f85935276dd?pid=RFRHNACCPHBTVN2N
Haier 215 L Direct Cool Single Door 2 Star Refrigerator,18400,27290,33,no,,,,https://www.flipkart.com/haier-215-l-direct-cool-single-door-2-star-refrigerator/p/itm00700b63e8796?pid=RFRHQMFQP684REVF
Voltas Beko 175 L Direct Cool Single Door 1 Star Refrigerator,16306,24090,32,no,,,,https://www.flipkart.com/voltas-beko-175-l-direct-cool-single-door-1-star-refrigerator/p/itm5acd1abad6c31?pid=RFRH74U7ZVYX9JCF
Lloyd 188 L Direct Cool Single Door 3 Star Refrigerator,16516,24590,33,no,,,,https://www.flipkart.com/lloyd-188-l-direct-cool-single-door-3-star-refrigerator/p/itm69e6ca55c6786?pid=RFRHM4ARZMZHUHTJ
Lloyd 188 L Direct Cool Single Door 3 Star Refrigerator,16599,24590,32,no,,,,https://www.flipkart.com/lloyd-188-l-direct-cool-single-door-3-star-refrigerator/p/itm657d364852deb?pid=RFRH74U74DTHGH4Z
Whirlpool 184 L Direct Cool Single Door 4 Star Refrigerator  with Intellisense Inverter Compressor,16990,24990,32,no,,4.3,"20,975",https://www.flipkart.com/whirlpool-184-l-direct-cool-single-door-4-star-refrigerator-intellisense-inverter-compressor/p/itmb8f55b6fb9989?pid=RFRGHRHHJS3VBHFS
Whirlpool 237 L Frost Free Triple Door 2 Star Refrigerator,24139,36000,33,no,,3.7,3,https://www.flipkart.com/whirlpool-237-l-frost-free-triple-door-2-star-refrigerator/p/itm7a4adf7c53598?pid=RFRHMPPGXU4DYKAG
LG 224 L Direct Cool Single Door 5 Star Refrigerator with Base Drawer,22100,32090,31,no,,4.5,180,https://www.flipkart.com/lg-224-l-direct-cool-single-door-5-star-refrigerator-base-drawer/p/itma6baedac84d12?pid=RFRHHSVKPBGZUFHH
"LG 185 L Direct Cool Single Door 5 Star Refrigerator with Base Drawer  with Smart Inverter Compressor,...",17490,25690,32,no,,4.5,"4,559",https://www.flipkart.com/lg-185-l-direct-cool-single-door-5-star-refrigerator-base-drawer-smart-inverter-compressor-runs-home-inverter-fit-max-chiller-tray-2026-model/p/itm0ae07a3bb4dbf?pid=RFRHKAHRGUYXRQSV
Whirlpool 300 L Frost Free Triple Door Refrigerator,28990,42450,32,no,,4.2,"18,554",https://www.flipkart.com/whirlpool-300-l-frost-free-triple-door-refrigerator/p/itmb1917ecba39e0?pid=RFRH8WRUW23WVR2B
Whirlpool 235 L Frost Free Double Door Top Mount 2 Star Refrigerator,25800,37700,32,no,,4.3,"4,353",https://www.flipkart.com/whirlpool-235-l-frost-free-double-door-top-mount-2-star-refrigerator/p/itm8b8d5d4d3efb8?pid=RFRHM5F4HZF2VUVJ
IFB 241 L Frost Free Double Door 1 Star Refrigerator,24990,36700,32,no,,4.4,29,https://www.flipkart.com/ifb-241-l-frost-free-double-door-1-star-refrigerator/p/itmdabe43e7bee71?pid=RFRHM8QMRMTMUKSZ
"LG 185 L Direct Cool Single Door 5 Star Refrigerator with Base Drawer  with Smart Inverter Compressor,...",17890,26290,32,no,,4.5,"29,030",https://www.flipkart.com/lg-185-l-direct-cool-single-door-5-star-refrigerator-base-drawer-smart-inverter-compressor-runs-home-inverter-fit-max-chiller-tray-2026-model/p/itmae4e2ade1505a?pid=RFRHHPGW3ZCGSABB
Whirlpool 259 L Frost Free Double Door 2 Star Refrigerator,28999,42100,31,no,,4.2,46,https://www.flipkart.com/whirlpool-259-l-frost-free-double-door-2-star-refrigerator/p/itm9ab179c82c43f?pid=RFRGZ8D4P9E4VEND
Godrej 272 L Frost Free Double Door 2 Star Refrigerator,29490,43090,32,no,,,,https://www.flipkart.com/godrej-272-l-frost-free-double-door-2-star-refrigerator/p/itm3f710d8ff87a7?pid=RFRHM9VF7H3DFX2D
"IFB 241 L Frost Free Double Door 3 Star Convertible Refrigerator  with 30 Hrs Cooling Retention, Big V...",28990,42300,31,no,,4.5,820,https://www.flipkart.com/ifb-241-l-frost-free-double-door-3-star-convertible-refrigerator-30-hrs-cooling-retention-big-vegetable-box-humidity-controller-30-days-fresh-xl-bottle-bin-freezer-led-advanced-inverter-compressor-4-year-super-warranty/p/itm827df8f067f66?pid=RFRHM8QMY85KNP39
BOSCH 243 L Frost Free Double Door 3 Star Convertible Refrigerator,33566,43590,23,no,,,,https://www.flipkart.com/bosch-243-l-frost-free-double-door-3-star-convertible-refrigerator/p/itm7818e3d5591f6?pid=RFRGZZAYBZFNS5P5
Whirlpool 207 L Direct Cool Single Door 5 Star Refrigerator with Base Drawer,19390,28150,31,no,,4.4,"3,685",https://www.flipkart.com/whirlpool-207-l-direct-cool-single-door-5-star-refrigerator-base-drawer/p/itm2e7546246ccb7?pid=RFRFVDGSHUN24M35
IFB 241 L Frost Free Double Door 1 Star Refrigerator,26027,38000,32,no,,,,https://www.flipkart.com/ifb-241-l-frost-free-double-door-1-star-refrigerator/p/itm2daa89253b941?pid=RFRHQ2EW2NQVFFDR
Godrej 207 L Direct Cool Single Door 5 Star Refrigerator with Base Drawer,21299,30990,31,no,,,,https://www.flipkart.com/godrej-207-l-direct-cool-single-door-5-star-refrigerator-base-drawer/p/itm9b7d12af332b6?pid=RFRHP9GWZWDJ7XX3
Lloyd 185 L Direct Cool Single Door 2 Star Refrigerator,16274,23790,32,no,,,,https://www.flipkart.com/lloyd-185-l-direct-cool-single-door-2-star-refrigerator/p/itm8f330a71193fb?pid=RFRHMZYKSPRSTYHB
Godrej 272 L Frost Free Double Door 2 Star Refrigerator,29490,43090,32,no,,,,https://www.flipkart.com/godrej-272-l-frost-free-double-door-2-star-refrigerator/p/itm2520a56f6876d?pid=RFRHM9VN8UHUJX9G
"IFB 206 L Direct Cool Single Door 5 Star Refrigerator with Base Drawer  with 30 Hrs Cooling Retention,...",19990,28600,30,no,,4.4,"1,199",https://www.flipkart.com/ifb-206-l-direct-cool-single-door-5-star-refrigerator-base-drawer-30-hrs-cooling-retention-big-vegetable-box-humidity-controller-25-days-fresh-xl-bottle-bin-advanced-inverter-compressor-4-year-super-warranty/p/itm5aef82cbdcb12?pid=RFRHMBFETJ5RZZHT
"LG 251 L Frost Free Double Door 2 Star Convertible Refrigerator  with Convertible, Smart Mode, Multi A...",27990,39990,30,no,,4.3,"3,489",https://www.flipkart.com/lg-251-l-frost-free-double-door-2-star-convertible-refrigerator-convertible-smart-mode-multi-air-flow-deodorizer-fresh-zone-works-without-stabilizer-inverter-compressor-auto-connect-2026-model/p/itm593bc6837335b?pid=RFRHMKMQHPMN9HEK
Whirlpool 274 L Direct Cool Single Door 2 Star Refrigerator,21050,30450,31,no,,,,https://www.flipkart.com/whirlpool-274-l-direct-cool-single-door-2-star-refrigerator/p/itm310f02d10f3c7?pid=RFRHM4M8YR5YXAVR
Godrej 180 L Direct Cool Single Door 2 Star Refrigerator with Base Drawer,14939,21590,31,no,,,,https://www.flipkart.com/godrej-180-l-direct-cool-single-door-2-star-refrigerator-base-drawer/p/itm6e02d65a0820e?pid=RFRHHGTEQPJ97J2S
Lloyd by Havells 200 L Direct Cool Single Door 2 Star Refrigerator,15890,22890,31,no,,4.3,"4,797",https://www.flipkart.com/lloyd-havells-200-l-direct-cool-single-door-2-star-refrigerator/p/itme8149e6b068d7?pid=RFRGZJDZVWUJKANM
Whirlpool 184 L Direct Cool Single Door 3 Star Refrigerator,16990,24500,31,no,,4.3,"2,239",https://www.flipkart.com/whirlpool-184-l-direct-cool-single-door-3-star-refrigerator/p/itm3a6e6a531ff4a?pid=RFRGHRHHT8BAQY4J
Voltas 185 L Direct Cool Single Door 3 Star Refrigerator,17338,24990,31,no,,,,https://www.flipkart.com/voltas-185-l-direct-cool-single-door-3-star-refrigerator/p/itmdccbcc0d25e1e?pid=RFRHR5BHZK5826ZQ
Haier 190 L Direct Cool Single Door 5 Star Refrigerator  with Mirror Glass Door,20850,29890,30,no,,4.5,"5,430",https://www.flipkart.com/haier-190-l-direct-cool-single-door-5-star-refrigerator-mirror-glass/p/itmf7ezyqnecxvwk?pid=RFRF7EZYPTNM27CC
Whirlpool 235 L Frost Free Double Door Top Mount 2 Star Refrigerator,26999,38850,31,no,,,,https://www.flipkart.com/whirlpool-235-l-frost-free-double-door-top-mount-2-star-refrigerator/p/itmab09d6746a3ba?pid=RFRHZ2BZYMXY3ZDP
Samsung 236 L Frost Free Double Door Top Mount 2 Star Refrigerator,27990,39999,30,no,,,,https://www.flipkart.com/samsung-236-l-frost-free-double-door-top-mount-2-star-refrigerator/p/itm9e5493ce6a618?pid=RFRHZ2BZPWF2PC9F
Whirlpool 280 L Direct Cool Single Door 3 Star Refrigerator,22295,31850,30,no,,,,https://www.flipkart.com/whirlpool-280-l-direct-cool-single-door-3-star-refrigerator/p/itmc618ae629c002?pid=RFRHMPPGSHYYYHQR
"Whirlpool 192 L Direct Cool Single Door 4 Star Refrigerator  with upto 12 hour cooling retention, frid...",16290,23250,30,no,,4.3,"1,102",https://www.flipkart.com/whirlpool-192-l-direct-cool-single-door-4-star-refrigerator-upto-12-hour-cooling-retention-fridge-2026-model/p/itmb9086d3efa8b5?pid=RFRHKBHBBBZGRM7S
Whirlpool 237 L Frost Free Triple Door Bottom Mount 2 Star Refrigerator,24150,34450,30,no,,4.1,20,https://www.flipkart.com/whirlpool-237-l-frost-free-triple-door-bottom-mount-2-star-refrigerator/p/itm05fdcec259aa1?pid=RFRHKUFPJCFWXTQZ
Godrej 244 L Frost Free Double Door 3 Star Refrigerator,29074,41090,29,no,,,,https://www.flipkart.com/godrej-244-l-frost-free-double-door-3-star-refrigerator/p/itmed6083500875f?pid=RFRHQCJYYRHEYCA7
Whirlpool 235 L Frost Free Double Door 2 Star Refrigerator,23900,34100,30,no,,,,https://www.flipkart.com/whirlpool-235-l-frost-free-double-door-2-star-refrigerator/p/itma75336f2336ba?pid=RFRHM9VHZV2PSGCF
Whirlpool 200 L Direct Cool Single Door 3 Star Refrigerator,16990,23990,29,no,,4.5,47,https://www.flipkart.com/whirlpool-200-l-direct-cool-single-door-3-star-refrigerator/p/itm22b5af758d30d?pid=RFRFW9FG4GHPZBUQ
LG 201 L Direct Cool Single Door 5 Star Refrigerator with Base Drawer,20500,29190,30,no,,,,https://www.flipkart.com/lg-201-l-direct-cool-single-door-5-star-refrigerator-base-drawer/p/itme3a343deb8459?pid=RFRHM8HQYFJMBHHK
BOSCH 243 L Frost Free Double Door 2 Star Refrigerator,30000,42290,29,no,,4.2,311,https://www.flipkart.com/bosch-243-l-frost-free-double-door-2-star-refrigerator/p/itm364cdb836c30e?pid=RFRHHDESXZPNQTH8
Godrej 244 L Frost Free Double Door 2 Star Refrigerator,26662,37690,29,no,,,,https://www.flipkart.com/godrej-244-l-frost-free-double-door-2-star-refrigerator/p/itm500000173d4ee?pid=RFRHR8SB5EB3UUNZ
Whirlpool 235 L Frost Free Double Door 2 Star Refrigerator,26410,37400,29,no,,,,https://www.flipkart.com/whirlpool-235-l-frost-free-double-door-2-star-refrigerator/p/itmb5db7f1eb8cb5?pid=RFRHZYPGHZQNNRHQ
Whirlpool 212 L Frost Free Double Door 2 Star Refrigerator,25990,36900,30,no,,4.3,4,https://www.flipkart.com/whirlpool-212-l-frost-free-double-door-2-star-refrigerator/p/itm531e57a22dee0?pid=RFRHEEJ88EHBAGRW
Whirlpool 235 L Frost Free Double Door Top Mount 1 Star Refrigerator,25150,35700,30,no,,,,https://www.flipkart.com/whirlpool-235-l-frost-free-double-door-top-mount-1-star-refrigerator/p/itmcb81cd3e9753c?pid=RFRHRK6SUJBK5GXU
LG 261 L Direct Cool Single Door 3 Star Refrigerator,24490,34890,30,no,,,,https://www.flipkart.com/lg-261-l-direct-cool-single-door-3-star-refrigerator/p/itm8cc63d65ac81c?pid=RFRHQ9FVRHGARFMV
IFB 251 L Direct Cool Single Door 4 Star Refrigerator,23990,34000,29,no,,,,https://www.flipkart.com/ifb-251-l-direct-cool-single-door-4-star-refrigerator/p/itm64d332f1fe034?pid=RFRHQBJ3DPBGKC6T
IFB 249 L Direct Cool Single Door 3 Star Refrigerator,22990,32700,30,no,,,,https://www.flipkart.com/ifb-249-l-direct-cool-single-door-3-star-refrigerator/p/itmfb442f30628a3?pid=RFRHQBJYMZAC5HGG
Samsung 189 L Direct Cool Single Door 4 Star Refrigerator,18999,26999,30,no,,,,https://www.flipkart.com/samsung-189-l-direct-cool-single-door-4-star-refrigerator/p/itmf4dc85ec6d83b?pid=RFRHZ2BZN7BSKV83
Whirlpool 192 L Direct Cool Single Door 3 Star Refrigerator  with 3 star Refrigerator with Auto Defros...,15219,21350,29,no,,4.3,"3,186",https://www.flipkart.com/whirlpool-192-l-direct-cool-single-door-3-star-refrigerator-auto-defrost-technology/p/itm455fc635ded83?pid=RFRHK77YGYFEJEZZ
"IFB 206 L Direct Cool Single Door 5 Star Refrigerator with Base Drawer  with 30 Hrs Cooling Retention,...",20990,29300,28,no,,4.4,"1,199",https://www.flipkart.com/ifb-206-l-direct-cool-single-door-5-star-refrigerator-base-drawer-30-hrs-cooling-retention-big-vegetable-box-humidity-controller-25-days-fresh-xl-bottle-bin-advanced-inverter-compressor-4-year-super-warranty/p/itm40a1abf37d245?pid=RFRHMBFEYFRGZVQG
Whirlpool 192 L Direct Cool Single Door 3 Star Refrigerator  with Auto Defrost,15799,22000,28,no,,4.2,"3,880",https://www.flipkart.com/whirlpool-192-l-direct-cool-single-door-3-star-refrigerator-auto-defrost/p/itm4adf37ecf1c80?pid=RFRGMMF6EHZHN9VD
Whirlpool 184 L Direct Cool Single Door 3 Star Refrigerator,15651,21990,29,no,,4.3,"20,975",https://www.flipkart.com/whirlpool-184-l-direct-cool-single-door-3-star-refrigerator/p/itmd08c705c09741?pid=RFRH99Z83AM3TENY
Whirlpool 236 L Direct Cool Single Door 4 Star Refrigerator  with Auto Defrost,21591,29990,28,no,,4.4,"14,441",https://www.flipkart.com/whirlpool-236-l-direct-cool-single-door-4-star-refrigerator-auto-defrost/p/itm056bf2093076d?pid=RFRHY8NEYEQFGQRM
Whirlpool 192 L Direct Cool Single Door 3 Star Refrigerator,15740,22000,28,no,,4.3,"8,262",https://www.flipkart.com/whirlpool-192-l-direct-cool-single-door-3-star-refrigerator/p/itm697fed430b6f2?pid=RFRFQ4EB7AFCFMZB
Whirlpool 192 L Direct Cool Single Door 4 Star Refrigerator,18890,26500,29,no,,4.3,"2,239",https://www.flipkart.com/whirlpool-192-l-direct-cool-single-door-4-star-refrigerator/p/itm4e0ba5b09dbe7?pid=RFRGHRHHNGUPWFHX
Haier 190 L Direct Cool Single Door 3 Star Refrigerator with Base Drawer,22961,23990,4,no,,4.3,3,https://www.flipkart.com/haier-190-l-direct-cool-single-door-3-star-refrigerator-base-drawer/p/itm694e7c18d49d7?pid=RFRGREPWKHGZCZW9
IFB 187 L Direct Cool Single Door 4 Star Refrigerator,16490,23000,28,no,,,,https://www.flipkart.com/ifb-187-l-direct-cool-single-door-4-star-refrigerator/p/itm99497d075b903?pid=RFRHP9H2S2VXSFHV
Haier 240 L Frost Free Double Door Top Mount 2 Star Convertible Refrigerator,26271,36790,29,no,,,,https://www.flipkart.com/haier-240-l-frost-free-double-door-top-mount-2-star-convertible-refrigerator/p/itmf99747a9d441f?pid=RFRHHG4BMRZNAREF
LG 251 L Frost Free Double Door 1 Star Refrigerator,25699,35990,29,no,,,,https://www.flipkart.com/lg-251-l-frost-free-double-door-1-star-refrigerator/p/itmbd71a0299ce42?pid=RFRHQ9FVSHSGFMFP
IFB 251 L Direct Cool Single Door 3 Star Refrigerator,23306,32700,29,no,,,,https://www.flipkart.com/ifb-251-l-direct-cool-single-door-3-star-refrigerator/p/itmfb442f30628a3?pid=RFRHP9H26KZ76PCG
BOSCH 263 L Frost Free Double Door 4 Star Convertible Refrigerator,28595,40090,29,no,,,,https://www.flipkart.com/bosch-263-l-frost-free-double-door-4-star-convertible-refrigerator/p/itm1d25493d7cf98?pid=RFRHP9H2CBPETUTU
Samsung 189 L Direct Cool Single Door 5 Star Refrigerator with Base Drawer,19376,26999,28,no,,4.9,7,https://www.flipkart.com/samsung-189-l-direct-cool-single-door-5-star-refrigerator-base-drawer/p/itmc38455bc50c1f?pid=RFRHM4BF2ZCMGPYT
LG 185 L Direct Cool Single Door 5 Star Refrigerator with Base Drawer,19387,27290,29,no,,,,https://www.flipkart.com/lg-185-l-direct-cool-single-door-5-star-refrigerator-base-drawer/p/itm1a84d2cea98ee?pid=RFRHM8HUTSGDFHPG
Whirlpool 192 L Direct Cool Single Door 3 Star Refrigerator,15571,21500,28,no,,4.3,"3,186",https://www.flipkart.com/whirlpool-192-l-direct-cool-single-door-3-star-refrigerator/p/itmd4fc12228c001?pid=RFRH8WRTAWF5WT2T
Whirlpool 274 L Direct Cool Single Door 3 Star Refrigerator  with Auto Defrost,22216,30450,27,no,,4.1,356,https://www.flipkart.com/whirlpool-274-l-direct-cool-single-door-3-star-refrigerator-auto-defrost/p/itmcd5f36223a21e?pid=RFRFV9YQUGCPMS3H
Godrej 238 L Frost Free Double Door 2 Star Refrigerator,25145,34790,28,no,,,,https://www.flipkart.com/godrej-238-l-frost-free-double-door-2-star-refrigerator/p/itmb055658a1bef0?pid=RFRHR8PUGQJXJMGU
Whirlpool 207 L Direct Cool Single Door 3 Star Refrigerator,16500,22750,27,no,,,,https://www.flipkart.com/whirlpool-207-l-direct-cool-single-door-3-star-refrigerator/p/itmb1f71f95a6286?pid=RFRHMPPG98GPHQGX
Whirlpool 207 L Direct Cool Single Door 2 Star Refrigerator,18950,25990,27,no,,,,https://www.flipkart.com/whirlpool-207-l-direct-cool-single-door-2-star-refrigerator/p/itm51c34606375df?pid=RFRGMTDAVEVRZHDN
Whirlpool 184 L Direct Cool Single Door 3 Star Refrigerator with Base Drawer,15979,21999,27,no,,3.6,29,https://www.flipkart.com/whirlpool-184-l-direct-cool-single-door-3-star-refrigerator-base-drawer/p/itm32ad39f73c2b6?pid=RFRGSMGYJZHTHGGD
Whirlpool 207 L Direct Cool Single Door 3 Star Refrigerator,16500,22750,27,no,,,,https://www.flipkart.com/whirlpool-207-l-direct-cool-single-door-3-star-refrigerator/p/itm7188539283870?pid=RFRHMPPGSKGZZAXU
Whirlpool 207 L Direct Cool Single Door 3 Star Refrigerator,16700,22999,27,no,,4.3,"8,262",https://www.flipkart.com/whirlpool-207-l-direct-cool-single-door-3-star-refrigerator/p/itm84f464b863b58?pid=RFRFYZCPHBYFRPQP
Godrej 294 L Frost Free Double Door 2 Star Refrigerator,28999,39999,28,no,,4.2,405,https://www.flipkart.com/godrej-294-l-frost-free-double-door-2-star-refrigerator/p/itma7f0e50f37a57?pid=RFRGPGXNPJGHA9TZ
"Whirlpool 236 L Direct Cool Single Door 5 Star Refrigerator  with Auto Defrost Technology, (2026 Model...",22990,31800,28,no,,4.4,"11,195",https://www.flipkart.com/whirlpool-236-l-direct-cool-single-door-5-star-refrigerator-auto-defrost-technology-2026-model/p/itmc6b2b5b36ed87?pid=RFRHK77YURVZZ82W
Whirlpool 235 L Frost Free Double Door 2 Star Convertible Refrigerator,26545,36700,28,no,,3.8,19,https://www.flipkart.com/whirlpool-235-l-frost-free-double-door-2-star-convertible-refrigerator/p/itm88e1d93dbe681?pid=RFRHY75TJKRREZJ2
Whirlpool 235 L Frost Free Double Door Top Mount 2 Star Convertible Refrigerator,24974,34400,27,no,,,,https://www.flipkart.com/whirlpool-235-l-frost-free-double-door-top-mount-2-star-convertible-refrigerator/p/itmc15ef44f40ac3?pid=RFRHKUM7RP3UJZH6
IFB 251 L Direct Cool Single Door 3 Star Refrigerator,24272,33700,28,no,,,,https://www.flipkart.com/ifb-251-l-direct-cool-single-door-3-star-refrigerator/p/itmea1efd9121f72?pid=RFRHQFKYUGZ7SHWG
Whirlpool 210 L Frost Free Triple Door Refrigerator,24263,33650,28,no,,4.3,"15,237",https://www.flipkart.com/whirlpool-210-l-frost-free-triple-door-refrigerator/p/itmbd7e51ea673f6?pid=RFRGY96ZFYWERY8W
BOSCH 226 L Direct Cool Single Door 3 Star Refrigerator,23480,32490,28,no,,,,https://www.flipkart.com/bosch-226-l-direct-cool-single-door-3-star-refrigerator/p/itm2eff63db110cb?pid=RFRHP9GWZMPW44CA
Whirlpool 237 L Frost Free Triple Door 3 Star Refrigerator,28989,40000,28,no,,,,https://www.flipkart.com/whirlpool-237-l-frost-free-triple-door-3-star-refrigerator/p/itm974d31bda88d7?pid=RFRHQABQU6FQAFRH
Samsung 236 L Frost Free Double Door 2 Star Convertible Refrigerator,29055,39999,27,no,,,,https://www.flipkart.com/samsung-236-l-frost-free-double-door-2-star-convertible-refrigerator/p/itm0001a95bf03db?pid=RFRHHPMGHRCHHZEH
Whirlpool 184 L Direct Cool Single Door 5 Star Refrigerator with Base Drawer,18990,25990,27,no,,4.4,"11,195",https://www.flipkart.com/whirlpool-184-l-direct-cool-single-door-5-star-refrigerator-base-drawer/p/itm492b67a28e1bd?pid=RFRH99Z8AA4GMGVG
Whirlpool 192 L Direct Cool Single Door 4 Star Refrigerator with Base Drawer,19690,26900,27,no,,4.4,"14,441",https://www.flipkart.com/whirlpool-192-l-direct-cool-single-door-4-star-refrigerator-base-drawer/p/itmbe70765f95cab?pid=RFRH99Z8FZM89XTF
Whirlpool 207 L Direct Cool Single Door 3 Star Refrigerator,16299,22310,27,no,,4.3,"3,186",https://www.flipkart.com/whirlpool-207-l-direct-cool-single-door-3-star-refrigerator/p/itm0c0cf8339c1b5?pid=RFRHF5TFZPQWFGKF
Haier 185 L Direct Cool Single Door 1 Star Refrigerator,14306,19590,27,no,,,,https://www.flipkart.com/haier-185-l-direct-cool-single-door-1-star-refrigerator/p/itm70f85935276dd?pid=RFRHQCG7HJG9QPZA
LG 210 L Direct Cool Single Door 5 Star Refrigerator with Base Drawer,22419,30390,26,no,,4.5,888,https://www.flipkart.com/lg-210-l-direct-cool-single-door-5-star-refrigerator-base-drawer/p/itm27c028c407ca5?pid=RFRHHSVKSJZVTNUN
Whirlpool 184 L Direct Cool Single Door 2 Star Refrigerator,12566,17000,26,no,,4.3,"29,777",https://www.flipkart.com/whirlpool-184-l-direct-cool-single-door-2-star-refrigerator/p/itm0873838e8e95a?pid=RFRGHRHHRBAU7T46
BOSCH 187 L Direct Cool Single Door 4 Star Refrigerator,22241,30290,27,no,,4.6,185,https://www.flipkart.com/bosch-187-l-direct-cool-single-door-4-star-refrigerator/p/itm15310231d89f5?pid=RFRHKY3WXDS3PCHY
Samsung 246 L Direct Cool Single Door 2 Star Refrigerator with Base Drawer,26490,35999,26,no,,,,https://www.flipkart.com/samsung-246-l-direct-cool-single-door-2-star-refrigerator-base-drawer/p/itm523895b40ee9e?pid=RFRHM4BAYNZBQ9ZW
Samsung 246 L Direct Cool Single Door 2 Star Refrigerator with Base Drawer,26290,35999,27,no,,,,https://www.flipkart.com/samsung-246-l-direct-cool-single-door-2-star-refrigerator-base-drawer/p/itm0a9ac717384fe?pid=RFRHHPMGZ7FNC6HG
LG 224 L Direct Cool Single Door 5 Star Refrigerator,23999,32690,27,no,,,,https://www.flipkart.com/lg-224-l-direct-cool-single-door-5-star-refrigerator/p/itmbbe581afca22b?pid=RFRHRSP9VYWQJFNH
Godrej 268 L Direct Cool Single Door 3 Star Refrigerator  with Turbo Cooling Technology Ensuring Faste...,23391,31990,27,no,,4.3,"2,591",https://www.flipkart.com/godrej-268-l-direct-cool-single-door-3-star-refrigerator-turbo-cooling-technology-ensuring-faster/p/itm33663619e3617?pid=RFRGYXUZURFZGC9G
Godrej 194 L Direct Cool Single Door 3 Star Refrigerator with Base Drawer,17966,24590,27,no,,,,https://www.flipkart.com/godrej-194-l-direct-cool-single-door-3-star-refrigerator-base-drawer/p/itma6810eb99ca43?pid=RFRHP9H2ZHEY9QBB
Samsung 189 L Direct Cool Single Door 5 Star Refrigerator with Base Drawer,19890,26999,26,no,,,,https://www.flipkart.com/samsung-189-l-direct-cool-single-door-5-star-refrigerator-base-drawer/p/itm25d1288bf13fa?pid=RFRHZQQ9U6U2DXFX
IFB 187 L Direct Cool Single Door 3 Star Refrigerator,15890,21500,26,no,,,,https://www.flipkart.com/ifb-187-l-direct-cool-single-door-3-star-refrigerator/p/itm02aeceabe353c?pid=RFRHNGB6FCZ5HBKE
Whirlpool 235 L Frost Free Double Door 2 Star Convertible Refrigerator,27200,37000,26,no,,,,https://www.flipkart.com/whirlpool-235-l-frost-free-double-door-2-star-convertible-refrigerator/p/itmde818f8ac0f9c?pid=RFRHMKZDZDRYZ2TZ
Samsung 189 L Direct Cool Single Door 5 Star Refrigerator with Base Drawer,19890,26999,26,no,,,,https://www.flipkart.com/samsung-189-l-direct-cool-single-door-5-star-refrigerator-base-drawer/p/itm685a7d42b4b88?pid=RFRHHPMGTAEQRHFM
Samsung 189 L Direct Cool Single Door 5 Star Refrigerator with Base Drawer,19899,26999,26,no,,,,https://www.flipkart.com/samsung-189-l-direct-cool-single-door-5-star-refrigerator-base-drawer/p/itmc723c13697b33?pid=RFRHM4BFMGZHYCMH
"Whirlpool 184 L Direct Cool Single Door 2 Star Refrigerator  with upto 9 hour cooling retention, fridg...",12990,17450,26,no,,4.3,"29,777",https://www.flipkart.com/whirlpool-184-l-direct-cool-single-door-2-star-refrigerator-upto-9-hour-cooling-retention-fridge-2026-model/p/itmccc87b6d7dd49?pid=RFRHJV4MZATXZPMU
Whirlpool 235 L Frost Free Double Door 3 Star Refrigerator,26990,36150,25,no,,4.1,"1,726",https://www.flipkart.com/whirlpool-235-l-frost-free-double-door-3-star-refrigerator/p/itm7406a4d3395f9?pid=RFRHK3X6TUURDCKS
"LG 242 L Frost Free Double Door 2 Star Refrigerator  with Smart Inverter Compressor, Multi Air Flow, &...",24038,32466,26,no,,4.4,"2,647",https://www.flipkart.com/lg-242-l-frost-free-double-door-2-star-refrigerator-smart-inverter-compressor-multi-air-flow-moist-n-fresh/p/itm310d92dc12f7f?pid=RFRGRGXHZGNWHNWQ
LG 201 L Direct Cool Single Door 5 Star Refrigerator with Base Drawer,20990,28190,26,no,,4.4,"1,905",https://www.flipkart.com/lg-201-l-direct-cool-single-door-5-star-refrigerator-base-drawer/p/itme71a3cd1e3c34?pid=RFRHHSVK8VJE2YCU
Whirlpool 235 L Frost Free Double Door 2 Star Refrigerator  with Glass Door,26190,35300,26,no,,4.3,"2,307",https://www.flipkart.com/whirlpool-235-l-frost-free-double-door-2-star-refrigerator-glass/p/itmc5d98a267468b?pid=RFRFQ7SSXNQGBHGK
Haier 240 L Frost Free Double Door Top Mount 2 Star Convertible Refrigerator,27350,36790,26,no,,3.8,4,https://www.flipkart.com/haier-240-l-frost-free-double-door-top-mount-2-star-convertible-refrigerator/p/itm9dc7181a12fca?pid=RFRGYE5FV5RDAFFJ
Whirlpool 192 L Direct Cool Single Door 3 Star Refrigerator,16450,21990,25,no,,3.8,12,https://www.flipkart.com/whirlpool-192-l-direct-cool-single-door-3-star-refrigerator/p/itm62f06f6c6bb37?pid=RFRG5ZA3KGPZMNNU
Whirlpool 207 L Direct Cool Single Door 3 Star Refrigerator,16625,22300,25,no,,,,https://www.flipkart.com/whirlpool-207-l-direct-cool-single-door-3-star-refrigerator/p/itma641e4c97f90a?pid=RFRHZYPGGFGSJHJH
Godrej 180 L Direct Cool Single Door 3 Star Refrigerator,16990,22750,25,no,,,,https://www.flipkart.com/godrej-180-l-direct-cool-single-door-3-star-refrigerator/p/itm0b14d5eb9365d?pid=RFRHM9VF4GQGGAHQ
Godrej 233 L Frost Free Double Door 2 Star Refrigerator,25286,34000,26,no,,,,https://www.flipkart.com/godrej-233-l-frost-free-double-door-2-star-refrigerator/p/itm51af1300adc63?pid=RFRH7V29CNSYTMBY
LG 225 L Frost Free Double Door 1 Star Refrigerator,23501,31490,25,no,,,,https://www.flipkart.com/lg-225-l-frost-free-double-door-1-star-refrigerator/p/itmdfa83fc75463f?pid=RFRHQ9FVJNSRME2H
Samsung 223 L Direct Cool Single Door 2 Star Refrigerator,23190,30999,25,no,,,,https://www.flipkart.com/samsung-223-l-direct-cool-single-door-2-star-refrigerator/p/itmc0290ac14d5e7?pid=RFRHZ2BZKVCXZK9V
Samsung 183 L Direct Cool Single Door 3 Star Refrigerator with Base Drawer,17790,23999,26,no,,,,https://www.flipkart.com/samsung-183-l-direct-cool-single-door-3-star-refrigerator-base-drawer/p/itma5535a889a8f8?pid=RFRHZQQ6PS24DABM
Samsung 183 L Direct Cool Single Door 3 Star Refrigerator,17790,23999,26,no,,,,https://www.flipkart.com/samsung-183-l-direct-cool-single-door-3-star-refrigerator/p/itma5535a889a8f8?pid=RFRHM4BFTZ2WJC3V
Samsung 189 L Direct Cool Single Door 5 Star Refrigerator,19990,26999,26,no,,,,https://www.flipkart.com/samsung-189-l-direct-cool-single-door-5-star-refrigerator/p/itm685a7d42b4b88?pid=RFRHJ4JJRS3CMNAM
Samsung 183 L Direct Cool Single Door 3 Star Refrigerator,18591,24999,26,no,,,,https://www.flipkart.com/samsung-183-l-direct-cool-single-door-3-star-refrigerator/p/itm230a23e02126f?pid=RFRHJ4JJUZWHXNRR
Godrej 244 L Frost Free Double Door 3 Star Refrigerator  with AI Powered 6-in-1 Freezer Convertible 30...,27090,36050,25,no,,4.2,517,https://www.flipkart.com/godrej-244-l-frost-free-double-door-3-star-refrigerator-ai-powered-6-in-1-freezer-convertible-30-days-farm-freshness-95-food-surface-disinfection/p/itm33f1479966e54?pid=RFRHK72VGGYEKEWH
Whirlpool 235 L Frost Free Double Door 2 Star Convertible Refrigerator,23490,31300,25,no,,,,https://www.flipkart.com/whirlpool-235-l-frost-free-double-door-2-star-convertible-refrigerator/p/itmb047efd2b36d7?pid=RFRHM55XAEZNEQBQ
Whirlpool 192 L Direct Cool Single Door 5 Star Refrigerator,15656,20850,25,no,,3.9,17,https://www.flipkart.com/whirlpool-192-l-direct-cool-single-door-5-star-refrigerator/p/itmbb0e159bb1495?pid=RFRHM5F4EFCGJKVS
Whirlpool 207 L Direct Cool Single Door 3 Star Refrigerator,16291,21700,25,no,,4.3,"8,262",https://www.flipkart.com/whirlpool-207-l-direct-cool-single-door-3-star-refrigerator/p/itm2e8e8d9c998ef?pid=RFRFYZCPZMYXVWSF
Whirlpool 184 L Direct Cool Single Door 4 Star Refrigerator,15921,20990,24,no,,4.3,"2,239",https://www.flipkart.com/whirlpool-184-l-direct-cool-single-door-4-star-refrigerator/p/itme795882a74c20?pid=RFRGYWHZCUHZGZ46
Godrej 238 L Frost Free Double Door 2 Star Refrigerator,25629,33740,24,no,,,,https://www.flipkart.com/godrej-238-l-frost-free-double-door-2-star-refrigerator/p/itm79c6675626f0c?pid=RFRHR8ZHQW4GZBNK
LG 225 L Frost Free Double Door 1 Star Refrigerator,24001,31990,25,no,,,,https://www.flipkart.com/lg-225-l-frost-free-double-door-1-star-refrigerator/p/itmd30e65424a9d1?pid=RFRHQ9FVG4SK2DCZ
LG 225 L Frost Free Double Door Top Mount 1 Star Refrigerator,24000,31990,25,no,,,,https://www.flipkart.com/lg-225-l-frost-free-double-door-top-mount-1-star-refrigerator/p/itmcee450218e870?pid=RFRHPDRRWX69G7WD
Samsung 223 L Direct Cool Single Door 3 Star Refrigerator with Base Drawer,23400,30999,25,no,,,,https://www.flipkart.com/samsung-223-l-direct-cool-single-door-3-star-refrigerator-base-drawer/p/itmdea598535c8e2?pid=RFRHM55Y3JSTZE64
Samsung 236 L Frost Free Double Door 1 Star Refrigerator,28530,37999,25,no,,,,https://www.flipkart.com/samsung-236-l-frost-free-double-door-1-star-refrigerator/p/itm2b522131b5c3b?pid=RFRHPGC4CDWHSRMZ
Samsung 189 L Direct Cool Single Door 5 Star Refrigerator with Base Drawer,20495,26999,24,no,,,,https://www.flipkart.com/samsung-189-l-direct-cool-single-door-5-star-refrigerator-base-drawer/p/itm05344ff98621d?pid=RFRHPGC5A6HX5QXD
"Samsung 223 L Direct Cool Single Door 3 Star Refrigerator with Base Drawer  with Digital Inverter, Sin...",19990,25999,23,no,,4.4,"17,673",https://www.flipkart.com/samsung-223-l-direct-cool-single-door-3-star-refrigerator-base-drawer-digital-inverter-touch-defrost-2026-model/p/itm948f8fa547a39?pid=RFRHJ4JJNC95CUPJ
Godrej 238 L Frost Free Double Door 2 Star Refrigerator  with Advanced Inverter and 95%+ Food Surface ...,22899,29900,23,no,,4.3,"5,312",https://www.flipkart.com/godrej-238-l-frost-free-double-door-2-star-refrigerator-advanced-inverter-95-food-surface-disinfection/p/itm410582177f67e?pid=RFRGSZABHVPGEUXN
Whirlpool 192 L Direct Cool Single Door 5 Star Refrigerator,18600,24300,23,no,,,,https://www.flipkart.com/whirlpool-192-l-direct-cool-single-door-5-star-refrigerator/p/itm1b245999b69a7?pid=RFRHZYPGPECK6UXM
Whirlpool 180 L Direct Cool Single Door 1 Star Refrigerator,12265,15990,23,no,,4.8,18,https://www.flipkart.com/whirlpool-180-l-direct-cool-single-door-1-star-refrigerator/p/itm7f4046a096aa6?pid=RFRGFNE2EQFBPT7G
BOSCH 207 L Direct Cool Single Door 3 Star Refrigerator  with Industrys largest vegetable box| Industr...,19490,25490,24,no,,4.3,67,https://www.flipkart.com/bosch-207-l-direct-cool-single-door-3-star-refrigerator-industrys-largest-vegetable-box-beverage-space-18-hour-cooling-retention-during-powercut-2-5x-faster-cooling-smart-inverter-compressor/p/itme95aab27e60f1?pid=RFRHDT52GQDBZHMH
LG 185 L Direct Cool Single Door 5 Star Refrigerator with Base Drawer,20525,26690,23,no,,,,https://www.flipkart.com/lg-185-l-direct-cool-single-door-5-star-refrigerator-base-drawer/p/itm0ae07a3bb4dbf?pid=RFRHPGC5BZHHEKES
Whirlpool 200 L Direct Cool Single Door 3 Star Refrigerator,17890,23500,24,no,,4.3,"3,622",https://www.flipkart.com/whirlpool-200-l-direct-cool-single-door-3-star-refrigerator/p/itm7fb5fb83348ae?pid=RFRFSFURRCEZ4CFW
BOSCH 185 L Direct Cool Single Door 1 Star Refrigerator,15990,20990,24,no,,,,https://www.flipkart.com/bosch-185-l-direct-cool-single-door-1-star-refrigerator/p/itm4409a8ad2735f?pid=RFRHPMXUTDBKDQQN
Whirlpool 184 L Direct Cool Single Door 3 Star Refrigerator with Base Drawer,16141,20990,23,no,,3.7,49,https://www.flipkart.com/whirlpool-184-l-direct-cool-single-door-3-star-refrigerator-base-drawer/p/itmedfa5a31afdcd?pid=RFRGQBKY43TYDKXH
Whirlpool 235 L Frost Free Double Door 3 Star Refrigerator,28390,36900,23,no,,4.1,"1,157",https://www.flipkart.com/whirlpool-235-l-frost-free-double-door-3-star-refrigerator/p/itm7b929574f3d9c?pid=RFRGYPRZAS23FVGZ
Whirlpool 258 L Frost Free Double Door 2 Star Refrigerator,26990,35500,24,no,,,,https://www.flipkart.com/whirlpool-258-l-frost-free-double-door-2-star-refrigerator/p/itm29300e2de7462?pid=RFRGGKW22HMYQHXY
Whirlpool 212 L Frost Free Double Door 1 Star Refrigerator,23999,31250,23,no,,,,https://www.flipkart.com/whirlpool-212-l-frost-free-double-door-1-star-refrigerator/p/itmbbc89d3669937?pid=RFRHRTY6CM8BTZVF
Whirlpool 235 L Frost Free Double Door 2 Star Refrigerator,23900,31290,24,no,,4.3,"4,353",https://www.flipkart.com/whirlpool-235-l-frost-free-double-door-2-star-refrigerator/p/itm9074734135e65?pid=RFRHDHJGXRZDGCYG
Samsung 215 L Direct Cool Single Door 5 Star Refrigerator with Base Drawer,23818,30999,23,no,,,,https://www.flipkart.com/samsung-215-l-direct-cool-single-door-5-star-refrigerator-base-drawer/p/itm710dc058fbe71?pid=RFRHHPMG2ZH5Y9YB
Samsung 215 L Direct Cool Single Door 5 Star Refrigerator with Base Drawer,23818,30999,23,no,,,,https://www.flipkart.com/samsung-215-l-direct-cool-single-door-5-star-refrigerator-base-drawer/p/itm7022f82aeab9c?pid=RFRHHPMG6QGNATKR
Samsung 215 L Direct Cool Single Door 5 Star Refrigerator with Base Drawer,23818,30999,23,no,,,,https://www.flipkart.com/samsung-215-l-direct-cool-single-door-5-star-refrigerator-base-drawer/p/itm09fd61cbed5bd?pid=RFRHHPMGHJ9CBQGW
Samsung 215 L Direct Cool Single Door 5 Star Refrigerator with Base Drawer,23818,30999,23,no,,,,https://www.flipkart.com/samsung-215-l-direct-cool-single-door-5-star-refrigerator-base-drawer/p/itm8a0e9f7c51c0a?pid=RFRHMZ5UK9MJHAMV
Godrej 244 L Frost Free Double Door 2 Star Refrigerator,27819,36590,24,no,,,,https://www.flipkart.com/godrej-244-l-frost-free-double-door-2-star-refrigerator/p/itmf2851d88c2dd5?pid=RFRHQ9FVQZQXHAYX
"LG 185 L Direct Cool Single Door 5 Star Refrigerator with Base Drawer  with Smart Inverter Compressor,...",21000,27290,23,no,,,,https://www.flipkart.com/lg-185-l-direct-cool-single-door-5-star-refrigerator-base-drawer-smart-inverter-compressor-runs-home-inverter-fit-max-chiller-tray-works-without-stabilizer-fast-ice-making-anti-bacterial-gasket-2026-model/p/itm1a84d2cea98ee?pid=RFRHZ8KWSHJKZMAW
Samsung 236 L Frost Free Double Door 1 Star Refrigerator,28311,36999,23,no,,,,https://www.flipkart.com/samsung-236-l-frost-free-double-door-1-star-refrigerator/p/itmebe2e9e530e84?pid=RFRHMKZDKKXFH95D
Samsung 189 L Direct Cool Single Door 5 Star Refrigerator,19806,25999,24,no,,,,https://www.flipkart.com/samsung-189-l-direct-cool-single-door-5-star-refrigerator/p/itmc5f854089b6de?pid=RFRHJ4JJYZVFBTQJ
Godrej 268 L Direct Cool Single Door 3 Star Refrigerator  with Turbo Cooling Technology Ensuring Faste...,23318,29990,22,no,,4.3,"2,591",https://www.flipkart.com/godrej-268-l-direct-cool-single-door-3-star-refrigerator-turbo-cooling-technology-ensuring-faster/p/itm2278cde449eac?pid=RFRGYXUZHUZTEZJK
Whirlpool 207 L Direct Cool Single Door 3 Star Refrigerator,18850,24450,23,no,,3.8,4,https://www.flipkart.com/whirlpool-207-l-direct-cool-single-door-3-star-refrigerator/p/itmb07d1392c33eb?pid=RFRH6ACRRYQ7AUMA
LG 225 L Frost Free Double Door 1 Star Refrigerator,24500,31490,22,no,,,,https://www.flipkart.com/lg-225-l-frost-free-double-door-1-star-refrigerator/p/itmacf482ca41171?pid=RFRHZYPG86CJKZBY
Godrej 183 L Direct Cool Single Door 1 Star Convertible Refrigerator,14465,21990,34,no,,,,https://www.flipkart.com/godrej-183-l-direct-cool-single-door-1-star-convertible-refrigerator/p/itm56aaed5787590?pid=RFRHZXEXHT2TGK5Q
Godrej 180 L Direct Cool Single Door 3 Star Refrigerator with Base Drawer,17399,22500,23,no,,,,https://www.flipkart.com/godrej-180-l-direct-cool-single-door-3-star-refrigerator-base-drawer/p/itm16f8e623534bf?pid=RFRGWYNZTGHGRSAG
Whirlpool 207 L Direct Cool Single Door 3 Star Refrigerator,17450,22500,22,no,,4.4,"14,441",https://www.flipkart.com/whirlpool-207-l-direct-cool-single-door-3-star-refrigerator/p/itmbd98c6cfeee68?pid=RFRHF5TFWG99BRHX
Whirlpool 200 L Direct Cool Single Door 3 Star Refrigerator,24708,31990,23,no,,4.3,"3,186",https://www.flipkart.com/whirlpool-200-l-direct-cool-single-door-3-star-refrigerator/p/itmffg5ykaaxeuar?pid=RFRFE59UMHP9FHHX
Whirlpool 250 L Frost Free Triple Door Bottom Mount 2 Star Refrigerator,26496,34250,23,no,,,,https://www.flipkart.com/whirlpool-250-l-frost-free-triple-door-bottom-mount-2-star-refrigerator/p/itmcd9696edc5b99?pid=RFRHKTCDRUZUYKHU
LG 224 L Direct Cool Single Door 5 Star Refrigerator with Base Drawer,25237,32690,23,no,,,,https://www.flipkart.com/lg-224-l-direct-cool-single-door-5-star-refrigerator-base-drawer/p/itma2395ae0fb550?pid=RFRHPGC5YXDERHUF
"Lloyd by Havells 233 L Frost Free Double Door 2 Star Refrigerator  with with Inverter Technology, Ten ...",24763,31990,23,no,,4.5,530,https://www.flipkart.com/lloyd-havells-233-l-frost-free-double-door-2-star-refrigerator-inverter-technology-ten-vent-chiller-tray-fleximax-design/p/itmd48e8e4bf46e7?pid=RFRGXYDJE2ZWN7A9
Whirlpool 274 L Direct Cool Single Door 3 Star Refrigerator,23868,30700,22,no,,4.2,6,https://www.flipkart.com/whirlpool-274-l-direct-cool-single-door-3-star-refrigerator/p/itmd3bc863e945b6?pid=RFRHM5F4YNP56TTB
LG 201 L Direct Cool Single Door 5 Star Refrigerator with Base Drawer,23500,30290,22,no,,,,https://www.flipkart.com/lg-201-l-direct-cool-single-door-5-star-refrigerator-base-drawer/p/itm0cd3c043b0d6b?pid=RFRHM8HQFUQJHT2Q
LG 210 L Direct Cool Single Door 5 Star Refrigerator with Base Drawer,30090,30090,0,no,,4.5,888,https://www.flipkart.com/lg-210-l-direct-cool-single-door-5-star-refrigerator-base-drawer/p/itm742b2409fffac?pid=RFRHHSVK8GZHFZVZ
LG 185 L Direct Cool Single Door 5 Star Refrigerator with Base Drawer,20381,26290,22,no,,,,https://www.flipkart.com/lg-185-l-direct-cool-single-door-5-star-refrigerator-base-drawer/p/itm214908e7431be?pid=RFRHM8HUCZ5E7BZA
Samsung 189 L Direct Cool Single Door 5 Star Refrigerator,20080,25999,23,no,,,,https://www.flipkart.com/samsung-189-l-direct-cool-single-door-5-star-refrigerator/p/itm91dd13b3249f2?pid=RFRHJ4JJVNY86FRU
Whirlpool 192 L Direct Cool Single Door 4 Star Refrigerator  with 4 star Refrigerator with Auto Defros...,19490,24850,22,no,,4.3,"1,102",https://www.flipkart.com/whirlpool-192-l-direct-cool-single-door-4-star-refrigerator-auto-defrost-technology/p/itmd6096ffc44e60?pid=RFRHKKG7XQEZ3SH8
Whirlpool 192 L Direct Cool Single Door 3 Star Refrigerator with Base Drawer,17890,22850,22,no,,4.3,329,https://www.flipkart.com/whirlpool-192-l-direct-cool-single-door-3-star-refrigerator-base-drawer/p/itm0a39766afba6f?pid=RFRFVY3XH6MCGFD8
LG 261 L Direct Cool Single Door 3 Star Refrigerator,26599,33890,22,no,,,,https://www.flipkart.com/lg-261-l-direct-cool-single-door-3-star-refrigerator/p/itm3333de66126df?pid=RFRHQVAKBDZKX7CH
Haier 185 L Direct Cool Single Door 1 Star Refrigerator,13576,17200,21,no,,4.5,4,https://www.flipkart.com/haier-185-l-direct-cool-single-door-1-star-refrigerator/p/itm8752d0ff4551b?pid=RFRHKMZ6GARWUXFZ
Whirlpool 192 L Direct Cool Single Door 3 Star Refrigerator,17860,22750,21,no,,,,https://www.flipkart.com/whirlpool-192-l-direct-cool-single-door-3-star-refrigerator/p/itmc16a357d8a61d?pid=RFRHJA6THHXTUQPZ
Whirlpool 192 L Direct Cool Single Door 5 Star Refrigerator with Base Drawer,19848,25200,21,no,,,,https://www.flipkart.com/whirlpool-192-l-direct-cool-single-door-5-star-refrigerator-base-drawer/p/itm6fbbcca1dcbde?pid=RFRHPFMMHKEKRZNZ
Whirlpool 192 L Direct Cool Single Door 3 Star Refrigerator,17949,22800,21,no,,,,https://www.flipkart.com/whirlpool-192-l-direct-cool-single-door-3-star-refrigerator/p/itmb166e5e543cc7?pid=RFRHQYKNGPCWXMGG
Whirlpool 190 L Direct Cool Single Door 4 Star Refrigerator with Base Drawer,17800,22800,22,no,,4.4,"1,557",https://www.flipkart.com/whirlpool-190-l-direct-cool-single-door-4-star-refrigerator-base-drawer/p/itm4c56f33f2a9ee?pid=RFRFRFWCZAF65UCK
LG 185 L Direct Cool Single Door 4 Star Refrigerator  with Smart Inverter Compressor,16890,21399,21,no,,4.5,864,https://www.flipkart.com/lg-185-l-direct-cool-single-door-4-star-refrigerator-smart-inverter-compressor/p/itm466078d69d568?pid=RFRHYFPTYSPUHAGF
Whirlpool 192 L Direct Cool Single Door 3 Star Refrigerator,16951,21700,22,no,,,,https://www.flipkart.com/whirlpool-192-l-direct-cool-single-door-3-star-refrigerator/p/itm2c0d8794c5152?pid=RFRHQFNQCZJPTJ5M
Whirlpool 192 L Direct Cool Single Door 3 Star Refrigerator,16491,20900,21,no,,,,https://www.flipkart.com/whirlpool-192-l-direct-cool-single-door-3-star-refrigerator/p/itm509b9b2f8f3c2?pid=RFRHRWFDQZUTEGR5
Godrej 180 L Direct Cool Single Door 3 Star Refrigerator,16590,21090,21,no,,3.5,11,https://www.flipkart.com/godrej-180-l-direct-cool-single-door-3-star-refrigerator/p/itm0a620e1b1e93f?pid=RFRGRFXS9HX5QEJX
Whirlpool 235 L Frost Free Double Door 2 Star Convertible Refrigerator  with 10-in-1 Convertible Modes,27078,34400,21,no,,3.8,95,https://www.flipkart.com/whirlpool-235-l-frost-free-double-door-2-star-convertible-refrigerator-10-in-1-modes/p/itm4429d62b53445?pid=RFRGXG9DYJ6PJFK7
Whirlpool 235 L Frost Free Double Door 2 Star Refrigerator,25990,33250,22,no,,,,https://www.flipkart.com/whirlpool-235-l-frost-free-double-door-2-star-refrigerator/p/itm1b8206f74ad4c?pid=RFRHQHTQH53GEHNF
Godrej 210 L Frost Free Double Door 1 Star Convertible Refrigerator,24660,31290,21,no,,,,https://www.flipkart.com/godrej-210-l-frost-free-double-door-1-star-convertible-refrigerator/p/itmbffe4f083bab4?pid=RFRHP9GWTHPGFVQQ
Whirlpool 235 L Frost Free Double Door 2 Star Refrigerator,24554,31400,22,no,,4.2,31,https://www.flipkart.com/whirlpool-235-l-frost-free-double-door-2-star-refrigerator/p/itm6a4bfddcb626d?pid=RFRFQHMS4FQRFEKA
Godrej 194 L Direct Cool Single Door 3 Star Refrigerator with Base Drawer,18166,23190,22,no,,,,https://www.flipkart.com/godrej-194-l-direct-cool-single-door-3-star-refrigerator-base-drawer/p/itm7698bb6ee8013?pid=RFRHP9H2VQBUGZ5J
LG 185 L Direct Cool Single Door 5 Star Refrigerator with Base Drawer,20703,26290,21,no,,,,https://www.flipkart.com/lg-185-l-direct-cool-single-door-5-star-refrigerator-base-drawer/p/itmd6cc60ef50906?pid=RFRHM8HQQGN9DGN6
LG 185 L Direct Cool Single Door 3 Star Refrigerator with Base Drawer,19902,25490,22,no,,,,https://www.flipkart.com/lg-185-l-direct-cool-single-door-3-star-refrigerator-base-drawer/p/itmbdaa9204e3588?pid=RFRHM8HUGTGAESZW
Whirlpool 192 L Direct Cool Single Door 3 Star Refrigerator,15096,19300,22,no,,,,https://www.flipkart.com/whirlpool-192-l-direct-cool-single-door-3-star-refrigerator/p/itma10203caef31b?pid=RFRHM4M8ZVNN2ANA
"Whirlpool 184 L Direct Cool Single Door 2 Star Refrigerator  with upto 9 hour cooling retention, fridg...",13990,17600,21,no,,4.3,"29,777",https://www.flipkart.com/whirlpool-184-l-direct-cool-single-door-2-star-refrigerator-upto-9-hour-cooling-retention-fridge-2026-model/p/itme52566e2bc605?pid=RFRHJV4MNKFATGEQ
Whirlpool 192 L Direct Cool Single Door 4 Star Refrigerator  with Laminar Airflow,17390,21999,21,no,,4.3,"2,239",https://www.flipkart.com/whirlpool-192-l-direct-cool-single-door-4-star-refrigerator-laminar-airflow/p/itm400efaa92c9b8?pid=RFRGHRHHJCSGJNNK
Samsung 183 L Direct Cool Single Door 3 Star Refrigerator,17490,21999,20,no,,4.2,23,https://www.flipkart.com/samsung-183-l-direct-cool-single-door-3-star-refrigerator/p/itm95db71bf1d6c2?pid=RFRGNHK6EZS4JBQE
Whirlpool 215 L Frost Free Triple Door Refrigerator,26344,33100,20,no,,4.3,857,https://www.flipkart.com/whirlpool-215-l-frost-free-triple-door-refrigerator/p/itmb0a489e7120cc?pid=RFRFJHB3HHBJPYQM
Whirlpool 235 L Frost Free Double Door Top Mount 2 Star Refrigerator,26992,33800,20,no,,,,https://www.flipkart.com/whirlpool-235-l-frost-free-double-door-top-mount-2-star-refrigerator/p/itme833c5c16fc3e?pid=RFRHZ2BZQ6SGYFXX
Samsung 215 L Direct Cool Single Door 5 Star Refrigerator with Base Drawer,24758,30999,20,no,,,,https://www.flipkart.com/samsung-215-l-direct-cool-single-door-5-star-refrigerator-base-drawer/p/itm038aa3634d6b4?pid=RFRHHPMG7KYZZP4H
Whirlpool 274 L Direct Cool Single Door 2 Star Refrigerator,24150,30450,21,no,,,,https://www.flipkart.com/whirlpool-274-l-direct-cool-single-door-2-star-refrigerator/p/itmbf4ff6d75385a?pid=RFRHPQD3XHJPETFV
Whirlpool 274 L Direct Cool Single Door 2 Star Refrigerator,24130,30450,21,no,,,,https://www.flipkart.com/whirlpool-274-l-direct-cool-single-door-2-star-refrigerator/p/itm7ea3b240a4ac7?pid=RFRHQFHKFHBSEXVE
Whirlpool 207 L Direct Cool Single Door 3 Star Refrigerator with Base Drawer,18900,23750,20,no,,,,https://www.flipkart.com/whirlpool-207-l-direct-cool-single-door-3-star-refrigerator-base-drawer/p/itm3cd22a1ac8044?pid=RFRHMPPGVZBWFYJA
Samsung 189 L Direct Cool Single Door 5 Star Refrigerator,21406,26999,21,no,,,,https://www.flipkart.com/samsung-189-l-direct-cool-single-door-5-star-refrigerator/p/itmc723c13697b33?pid=RFRHJ4JJGSFF9GME
Haier 215 L Direct Cool Single Door 5 Star Refrigerator with Base Drawer  with Large Storage Space1 Ho...,23970,29790,20,no,,4.4,"17,860",https://www.flipkart.com/haier-215-l-direct-cool-single-door-5-star-refrigerator-base-drawer-large-storage-space1-hour-icing-technology/p/itmc02429fbaf400?pid=RFRGXMFUZNNZJKSZ
Whirlpool 192 L Direct Cool Single Door 5 Star Refrigerator,18699,23350,20,no,,,,https://www.flipkart.com/whirlpool-192-l-direct-cool-single-door-5-star-refrigerator/p/itm6fbbcca1dcbde?pid=RFRHZYPGUR8E4FMH
Godrej 194 L Direct Cool Single Door 5 Star Refrigerator with Base Drawer,20390,25289,19,no,,,,https://www.flipkart.com/godrej-194-l-direct-cool-single-door-5-star-refrigerator-base-drawer/p/itmccbb5ea7c1849?pid=RFRHP9GWDEHVAEDT
Whirlpool 235 L Frost Free Double Door Top Mount 2 Star Refrigerator,22799,28450,20,no,,,,https://www.flipkart.com/whirlpool-235-l-frost-free-double-door-top-mount-2-star-refrigerator/p/itmbe55bd5415e8d?pid=RFRHM8RBHFUUMSKH
Whirlpool 192 L Direct Cool Single Door 3 Star Refrigerator,16021,20100,20,no,,4.1,63,https://www.flipkart.com/whirlpool-192-l-direct-cool-single-door-3-star-refrigerator/p/itme500b6be83313?pid=RFRG5V8KH4QANE2Z
IFB 197 L Direct Cool Single Door 3 Star Refrigerator,17490,21800,20,no,,,,https://www.flipkart.com/ifb-197-l-direct-cool-single-door-3-star-refrigerator/p/itm5facd4b947563?pid=RFRHP9H2NRYSFFME
Whirlpool 192 L Direct Cool Single Door 3 Star Refrigerator with Base Drawer,16674,20750,20,no,,4.2,10,https://www.flipkart.com/whirlpool-192-l-direct-cool-single-door-3-star-refrigerator-base-drawer/p/itm35beb7cd46ca5?pid=RFRH2HKEYAEAQ7CR
Godrej 253 L Frost Free Double Door 2 Star Refrigerator,27490,33015,17,no,,4.3,"8,774",https://www.flipkart.com/godrej-253-l-frost-free-double-door-2-star-refrigerator/p/itma01590303c05f?pid=RFRGPGXNMPFUGACN
Whirlpool 235 L Frost Free Double Door 2 Star Refrigerator,24290,30200,20,no,,3.9,36,https://www.flipkart.com/whirlpool-235-l-frost-free-double-door-2-star-refrigerator/p/itme62787134560c?pid=RFRHEEFV7SJVCRNB
LG 210 L Direct Cool Single Door 5 Star Refrigerator with Base Drawer,24277,30090,19,no,,,,https://www.flipkart.com/lg-210-l-direct-cool-single-door-5-star-refrigerator-base-drawer/p/itmc9dbc3b213eef?pid=RFRHM4ARGYHFTXKG
LG 210 L Direct Cool Single Door 5 Star Refrigerator with Base Drawer,24267,30090,19,no,,,,https://www.flipkart.com/lg-210-l-direct-cool-single-door-5-star-refrigerator-base-drawer/p/itm90f6e7b6f2ec4?pid=RFRHM4AR5HNSZ3TK
Samsung 215 L Direct Cool Single Door 4 Star Refrigerator with Base Drawer,24046,29999,20,no,,,,https://www.flipkart.com/samsung-215-l-direct-cool-single-door-4-star-refrigerator-base-drawer/p/itmbe078a0d489a8?pid=RFRHHPMGYCVHVFN6
LG 185 L Direct Cool Single Door 5 Star Refrigerator with Base Drawer,21852,27290,20,no,,,,https://www.flipkart.com/lg-185-l-direct-cool-single-door-5-star-refrigerator-base-drawer/p/itm3731e5d8966a8?pid=RFRHPGC554HFDERF
Whirlpool 235 L Frost Free Double Door Top Mount 2 Star Refrigerator,27671,34350,19,no,,,,https://www.flipkart.com/whirlpool-235-l-frost-free-double-door-top-mount-2-star-refrigerator/p/itm53c43b58d9999?pid=RFRHZ2BZRR2YCHZK
LG 185 L Direct Cool Single Door 5 Star Refrigerator with Base Drawer,21852,27290,20,no,,,,https://www.flipkart.com/lg-185-l-direct-cool-single-door-5-star-refrigerator-base-drawer/p/itm31b820346438f?pid=RFRHM8HUWVHGYVXP
LG 180 L Direct Cool Single Door 1 Star Refrigerator,14889,18490,19,no,,,,https://www.flipkart.com/lg-180-l-direct-cool-single-door-1-star-refrigerator/p/itm617942fd64a44?pid=RFRHN76RWXSFZU8Y
Haier 185 L Direct Cool Single Door 2 Star Refrigerator  with DEFT TechnologyLarge Vegetable Box,13990,17090,18,no,,4.4,"8,899",https://www.flipkart.com/haier-185-l-direct-cool-single-door-2-star-refrigerator-deft-technologylarge-vegetable-box/p/itm2598986f09229?pid=RFRGWU8AFDEZQSHY
Whirlpool 184 L Direct Cool Single Door 5 Star Refrigerator,17590,21700,19,no,,4.4,"14,441",https://www.flipkart.com/whirlpool-184-l-direct-cool-single-door-5-star-refrigerator/p/itmb6c357ab76827?pid=RFRHGRY5HBXYKHE4
Whirlpool 207 L Direct Cool Single Door 5 Star Refrigerator with Base Drawer,20390,25050,19,no,,4.4,"6,501",https://www.flipkart.com/whirlpool-207-l-direct-cool-single-door-5-star-refrigerator-base-drawer/p/itm1a118741eaccd?pid=RFRGHRHHVAMJUZPY
Whirlpool 215 L Direct Cool Single Door 5 Star Refrigerator with Base Drawer,20634,25200,18,no,,3.8,5,https://www.flipkart.com/whirlpool-215-l-direct-cool-single-door-5-star-refrigerator-base-drawer/p/itm1c99892ecd641?pid=RFRHM38AVSVQAE2J
Whirlpool 200 L Direct Cool Single Door 3 Star Refrigerator,17890,21990,19,no,,4.3,"3,025",https://www.flipkart.com/whirlpool-200-l-direct-cool-single-door-3-star-refrigerator/p/itmceafed820946e?pid=RFRFZGFATWBWUP2Z
Whirlpool 215 L Direct Cool Single Door 5 Star Refrigerator,19000,23300,18,no,,,,https://www.flipkart.com/whirlpool-215-l-direct-cool-single-door-5-star-refrigerator/p/itm199c526fe4ec6?pid=RFRHMF3VZKRAFGQR
Whirlpool 190 L Direct Cool Single Door 4 Star Refrigerator,17590,21600,19,no,,4.3,"8,661",https://www.flipkart.com/whirlpool-190-l-direct-cool-single-door-4-star-refrigerator/p/itm400efaa92c9b8?pid=RFRFRFWCFWACY4T5
Whirlpool 192 L Direct Cool Single Door 3 Star Refrigerator,14950,20233,26,no,,4.3,130,https://www.flipkart.com/whirlpool-192-l-direct-cool-single-door-3-star-refrigerator/p/itm62f06f6c6bb37?pid=RFRG5V8KRPVFYGUV
Whirlpool 192 L Direct Cool Single Door 3 Star Refrigerator,16990,20950,19,no,,,,https://www.flipkart.com/whirlpool-192-l-direct-cool-single-door-3-star-refrigerator/p/itmd5f776f55867b?pid=RFRHZ2BZRK2UASDU
Godrej 183 L Direct Cool Single Door 3 Star Refrigerator with Base Drawer,17150,21090,19,no,,,,https://www.flipkart.com/godrej-183-l-direct-cool-single-door-3-star-refrigerator-base-drawer/p/itma2db86e3e0bea?pid=RFRHQ9FV6MYFAJSD
Whirlpool 192 L Direct Cool Single Door 3 Star Refrigerator,17690,21000,16,no,,4.1,88,https://www.flipkart.com/whirlpool-192-l-direct-cool-single-door-3-star-refrigerator/p/itm66eb53c477a09?pid=RFRG5V8KF8VPCG2C
Haier 185 L Direct Cool Single Door 2 Star Refrigerator,17326,21390,19,no,,,,https://www.flipkart.com/haier-185-l-direct-cool-single-door-2-star-refrigerator/p/itm31f717fcabfa2?pid=RFRGZZAYYGGCPM9R
Midea 233 L Frost Free Double Door Top Mount 2 Star Convertible Refrigerator,25350,30990,18,no,,4.6,45,https://www.flipkart.com/midea-233-l-frost-free-double-door-top-mount-2-star-convertible-refrigerator/p/itm096bf16475b5d?pid=RFRGRRUZXJFBBVE6
Whirlpool 235 L Frost Free Double Door 2 Star Refrigerator,24919,30400,18,no,,4.3,"1,917",https://www.flipkart.com/whirlpool-235-l-frost-free-double-door-2-star-refrigerator/p/itme3a160ba49150?pid=RFRH6PTZZTGUK2ZR
Whirlpool 235 L Frost Free Double Door 2 Star Refrigerator,24822,30400,18,no,,,,https://www.flipkart.com/whirlpool-235-l-frost-free-double-door-2-star-refrigerator/p/itmdbfa1d6ca4f96?pid=RFRHEEMQX5HEHREP
Godrej 99 L Direct Cool Single Door 1 Star Refrigerator,11999,14790,19,no,,,,https://www.flipkart.com/godrej-99-l-direct-cool-single-door-1-star-refrigerator/p/itm7771a0419ee8e?pid=RFRHQ9FVRKZGJ2KT
Whirlpool 180 L Direct Cool Single Door 1 Star Refrigerator,13015,15900,18,no,,4.6,5,https://www.flipkart.com/whirlpool-180-l-direct-cool-single-door-1-star-refrigerator/p/itm7328e7ada7e9d?pid=RFRHM4M8DVGUHFPW
IFB 187 L Direct Cool Single Door 1 Star Refrigerator,15295,18700,18,no,,,,https://www.flipkart.com/ifb-187-l-direct-cool-single-door-1-star-refrigerator/p/itm2759960028a62?pid=RFRHQNPEBHXDXHXK
"Whirlpool 184 L Direct Cool Single Door 3 Star Refrigerator  with upto 9 hour cooling retention, fridg...",13990,17000,18,no,,4.3,"20,975",https://www.flipkart.com/whirlpool-184-l-direct-cool-single-door-3-star-refrigerator-upto-9-hour-cooling-retention-fridge-2026-model/p/itm20d3b69bd7931?pid=RFRHK77YFQNHTKAN
"Whirlpool 184 L Direct Cool Single Door 2 Star Refrigerator  with upto 9 hour cooling retention, fridg...",12990,15800,18,no,,4.3,"29,777",https://www.flipkart.com/whirlpool-184-l-direct-cool-single-door-2-star-refrigerator-upto-9-hour-cooling-retention-fridge-2026-model/p/itmf2eb858ca61d4?pid=RFRHJV4MKPWFFXSF
Whirlpool 235 L Frost Free Double Door 2 Star Refrigerator  with Glass Door,24154,29175,17,no,,4.3,"2,307",https://www.flipkart.com/whirlpool-235-l-frost-free-double-door-2-star-refrigerator-glass/p/itm9ab179c82c43f?pid=RFRFQYY7AK33XWAY
Whirlpool 192 L Direct Cool Single Door 3 Star Refrigerator,16340,19700,17,no,,,,https://www.flipkart.com/whirlpool-192-l-direct-cool-single-door-3-star-refrigerator/p/itm8ee3acb4b8386?pid=RFRHHDJXZNTGM4Y8
Whirlpool 184 L Direct Cool Single Door 1 Star Refrigerator,14499,17650,18,no,,,,https://www.flipkart.com/whirlpool-184-l-direct-cool-single-door-1-star-refrigerator/p/itm08061208e23be?pid=RFRHM9SRFF39SRR8
Whirlpool 185 L Direct Cool Single Door 1 Star Refrigerator,13200,15950,17,no,,4.1,14,https://www.flipkart.com/whirlpool-185-l-direct-cool-single-door-1-star-refrigerator/p/itm61b680cd1bd01?pid=RFRGMTD9WPC9JZWV
Samsung 183 L Direct Cool Single Door 2 Star Refrigerator,16499,19999,18,no,,4.5,"26,851",https://www.flipkart.com/samsung-183-l-direct-cool-single-door-2-star-refrigerator/p/itmb5e2c53637e15?pid=RFRGNHK6XGXXFHND
LG 180 L Direct Cool Single Door 1 Star Refrigerator,14050,19590,28,no,,,,https://www.flipkart.com/lg-180-l-direct-cool-single-door-1-star-refrigerator/p/itm4c6e384759df6?pid=RFRHMZ5UZ8UDTEU3
Whirlpool 192 L Direct Cool Single Door 3 Star Refrigerator,17091,20900,18,no,,4.5,8,https://www.flipkart.com/whirlpool-192-l-direct-cool-single-door-3-star-refrigerator/p/itm51c34606375df?pid=RFRG4AM9Q4YVXBVK
Samsung 183 L Direct Cool Single Door 2 Star Refrigerator,17606,20999,16,no,,,,https://www.flipkart.com/samsung-183-l-direct-cool-single-door-2-star-refrigerator/p/itme4ce0351b0433?pid=RFRHJ2YZEHEPHQ62
Whirlpool 192 L Direct Cool Single Door 3 Star Refrigerator,17360,21000,17,no,,4.3,27,https://www.flipkart.com/whirlpool-192-l-direct-cool-single-door-3-star-refrigerator/p/itme500b6be83313?pid=RFRG5D6JNZYSRXGU
Haier 240 L Frost Free Double Door Top Mount 2 Star Refrigerator,23900,31990,25,no,,4.7,3,https://www.flipkart.com/haier-240-l-frost-free-double-door-top-mount-2-star-refrigerator/p/itm27c8e0477d1d9?pid=RFRGQGBZVHRHPSJR
Samsung 236 L Frost Free Double Door 1 Star Refrigerator,25499,30999,18,no,,,,https://www.flipkart.com/samsung-236-l-frost-free-double-door-1-star-refrigerator/p/itmebe2e9e530e84?pid=RFRHMHWXEQJPV7ZU
BOSCH 187 L Direct Cool Single Door 4 Star Refrigerator with Base Drawer,25069,30490,18,no,,,,https://www.flipkart.com/bosch-187-l-direct-cool-single-door-4-star-refrigerator-base-drawer/p/itm2232b15c35b7d?pid=RFRHMPEUBZFJ4BWY
Whirlpool 235 L Frost Free Double Door 2 Star Convertible Refrigerator,24890,30150,17,no,,2.9,33,https://www.flipkart.com/whirlpool-235-l-frost-free-double-door-2-star-convertible-refrigerator/p/itmc61e28ee1150c?pid=RFRHY75TGUFDHGG4
Whirlpool 236 L Direct Cool Single Door 4 Star Refrigerator with Base Drawer,23890,28990,18,no,,,,https://www.flipkart.com/whirlpool-236-l-direct-cool-single-door-4-star-refrigerator-base-drawer/p/itm8b22698196d85?pid=RFRHEEB5UCXNX9VM
Whirlpool 180 L Direct Cool Single Door 1 Star Refrigerator,13182,15900,17,no,,4.6,5,https://www.flipkart.com/whirlpool-180-l-direct-cool-single-door-1-star-refrigerator/p/itma3e6701f2fd75?pid=RFRHM4M8HZWBCDQD
Whirlpool 259 L Frost Free Double Door 2 Star Refrigerator  with Glass Door,29890,35800,17,no,,4.3,693,https://www.flipkart.com/whirlpool-259-l-frost-free-double-door-2-star-refrigerator-glass/p/itm9ab179c82c43f?pid=RFRFQYY7BYGK4HZE
Whirlpool 180 L Direct Cool Single Door 1 Star Refrigerator,12999,15490,16,no,,3.7,3,https://www.flipkart.com/whirlpool-180-l-direct-cool-single-door-1-star-refrigerator/p/itme1cf1acb0db6a?pid=RFRHM4M8S4KN8ZTT
Whirlpool 235 L Frost Free Double Door 2 Star Refrigerator,25299,30150,16,no,,4.2,309,https://www.flipkart.com/whirlpool-235-l-frost-free-double-door-2-star-refrigerator/p/itm7b929574f3d9c?pid=RFRGSAVNGWCFUYU9
Samsung 183 L Direct Cool Single Door 3 Star Refrigerator,16740,19999,16,no,,4.4,24,https://www.flipkart.com/samsung-183-l-direct-cool-single-door-3-star-refrigerator/p/itmf3xznfbrjqn5y?pid=RFRGNJY4ZPUYZKME
Whirlpool 184 L Direct Cool Single Door 5 Star Refrigerator with Base Drawer,18842,22500,16,no,,4.4,"14,441",https://www.flipkart.com/whirlpool-184-l-direct-cool-single-door-5-star-refrigerator-base-drawer/p/itm55bd24e032d7d?pid=RFRH99Z8HJZ35YEG
Whirlpool 192 L Direct Cool Single Door 3 Star Refrigerator,16500,19850,17,no,,,,https://www.flipkart.com/whirlpool-192-l-direct-cool-single-door-3-star-refrigerator/p/itm6ec7d6d78e503?pid=RFRH29V4KKF4A8GD
Samsung 183 L Direct Cool Single Door 1 Star Refrigerator,17501,20999,17,no,,,,https://www.flipkart.com/samsung-183-l-direct-cool-single-door-1-star-refrigerator/p/itm2db5bb208a56b?pid=RFRHJ4JJJYVWDXRY
Whirlpool 184 L Direct Cool Single Door 2 Star Refrigerator with Base Drawer,16550,19850,17,no,,,,https://www.flipkart.com/whirlpool-184-l-direct-cool-single-door-2-star-refrigerator-base-drawer/p/itmdf2448ec91a2c?pid=RFRHQFF5ZUFKR7JZ
Whirlpool 235 L Frost Free Double Door 2 Star Refrigerator,25500,30450,16,no,,4.3,"1,917",https://www.flipkart.com/whirlpool-235-l-frost-free-double-door-2-star-refrigerator/p/itme3a160ba49150?pid=RFRH6PTZRN2HXPBY
"LG 210 L Direct Cool Single Door 5 Star Refrigerator with Base Drawer  with Smart Inverter Compressor,...",23369,27899,16,no,,4.4,"2,256",https://www.flipkart.com/lg-210-l-direct-cool-single-door-5-star-refrigerator-base-drawer-smart-inverter-compressor-moist-n-fresh-fast-ice-making/p/itmca62ea2c3a207?pid=RFRHAZSR3XZUHSRG
IFB 187 l Direct Cool Single Door 3 Star Refrigerator,17990,21500,16,no,,,,https://www.flipkart.com/ifb-187-l-direct-cool-single-door-3-star-refrigerator/p/itm02aeceabe353c?pid=RFRHZYPGBBBR5HYU
Whirlpool 235 L Frost Free Double Door Top Mount 2 Star Convertible Refrigerator,28999,34540,16,no,,,,https://www.flipkart.com/whirlpool-235-l-frost-free-double-door-top-mount-2-star-convertible-refrigerator/p/itm5d75ff9af5395?pid=RFRHHHGWTDRD8FY9
Whirlpool 192 L Direct Cool Single Door 3 Star Refrigerator,18050,21700,17,no,,,,https://www.flipkart.com/whirlpool-192-l-direct-cool-single-door-3-star-refrigerator/p/itmf6b03e03222cf?pid=RFRHM4M8AFGF99NZ
Samsung 236 L Frost Free Double Door 2 Star Convertible Refrigerator,27499,32999,17,no,,,,https://www.flipkart.com/samsung-236-l-frost-free-double-door-2-star-convertible-refrigerator/p/itmfed93564cbf42?pid=RFRHHPMXSEGJWBZC
Samsung 183 L Direct Cool Single Door 4 Star Refrigerator with Base Drawer  with Digital Inverter,19541,22999,15,no,,4.5,"82,751",https://www.flipkart.com/samsung-183-l-direct-cool-single-door-4-star-refrigerator-base-drawer-digital-inverter/p/itmff9626696387c?pid=RFRGHJPXZBG6Z7XY
Whirlpool 235 L Frost Free Double Door 2 Star Refrigerator,26290,31200,16,no,,4.2,"6,748",https://www.flipkart.com/whirlpool-235-l-frost-free-double-door-2-star-refrigerator/p/itm821abedabd559?pid=RFRHKQ624W4AKZHS
Whirlpool 236 L Direct Cool Single Door 5 Star Refrigerator with Base Drawer  with Auto Defrost,24844,29450,16,no,,4.4,"11,195",https://www.flipkart.com/whirlpool-236-l-direct-cool-single-door-5-star-refrigerator-base-drawer-auto-defrost/p/itm8ea0e03c66f34?pid=RFRHY8NENGKGZXCH
Whirlpool 235 L Frost Free Double Door 2 Star Refrigerator,26290,31200,16,no,,4.2,"6,748",https://www.flipkart.com/whirlpool-235-l-frost-free-double-door-2-star-refrigerator/p/itm175d034f29973?pid=RFRHKQ62VDPS8MBH
Whirlpool 215 L Frost Free Triple Door Refrigerator,29995,35500,16,no,,4.3,"21,326",https://www.flipkart.com/whirlpool-215-l-frost-free-triple-door-refrigerator/p/itm0da10469baf2b?pid=RFRH4386MEGBGBY9
Whirlpool 200 L Direct Cool Single Door 4 Star Refrigerator,17990,21250,15,no,,4.3,"3,025",https://www.flipkart.com/whirlpool-200-l-direct-cool-single-door-4-star-refrigerator/p/itmfgvhgjrkvdjyn?pid=RFRFZZ32HZQEZH8H
Whirlpool 180 L Direct Cool Single Door 1 Star Refrigerator,13376,15900,16,no,,,,https://www.flipkart.com/whirlpool-180-l-direct-cool-single-door-1-star-refrigerator/p/itm4bd52fd2fdb1a?pid=RFRHM4M8USXVVV5Y
Whirlpool 184 L Direct Cool Single Door 3 Star Refrigerator,16890,19990,16,no,,4.3,"2,239",https://www.flipkart.com/whirlpool-184-l-direct-cool-single-door-3-star-refrigerator/p/itmfbd240dba5bac?pid=RFRGHRHHPW4CZQ2E
Samsung 183 L Direct Cool Single Door 3 Star Refrigerator,16901,19999,15,no,,4.5,28,https://www.flipkart.com/samsung-183-l-direct-cool-single-door-3-star-refrigerator/p/itm33f2603d5acdc?pid=RFRGZS6TGPCZJAM6
Lloyd by Havells 188 L Direct Cool Single Door 3 Star Refrigerator,20090,20090,0,no,,4.1,"1,130",https://www.flipkart.com/lloyd-havells-188-l-direct-cool-single-door-3-star-refrigerator/p/itmb05bc458a3a76?pid=RFRGZJDZBGNSJZTH
Whirlpool 192 L Direct Cool Single Door 3 Star Refrigerator,15890,20100,21,no,,,,https://www.flipkart.com/whirlpool-192-l-direct-cool-single-door-3-star-refrigerator/p/itm36b92bd6573c4?pid=RFRHM4M8P6XPB9GH
Samsung 223 L Direct Cool Single Door 3 Star Refrigerator with Base Drawer  with Digital Inverter,21980,25999,15,no,,4.4,"9,671",https://www.flipkart.com/samsung-223-l-direct-cool-single-door-3-star-refrigerator-base-drawer-digital-inverter/p/itm380c834157c22?pid=RFRGW5UP8DXACWGG
Whirlpool 235 L Frost Free Double Door 2 Star Refrigerator,26990,31950,16,no,,3.8,23,https://www.flipkart.com/whirlpool-235-l-frost-free-double-door-2-star-refrigerator/p/itmbd7634f89d4ce?pid=RFRGS3YFTXJKMCEB
Whirlpool 235 L Frost Free Double Door 2 Star Refrigerator,26900,31950,16,no,,4.3,"5,095",https://www.flipkart.com/whirlpool-235-l-frost-free-double-door-2-star-refrigerator/p/itmefb56afd4e056?pid=RFRGPYGRDR9QE4EE
Samsung 246 L Direct Cool Single Door 3 Star Refrigerator,26201,30999,15,no,,4.3,81,https://www.flipkart.com/samsung-246-l-direct-cool-single-door-3-star-refrigerator/p/itmfd40d0e63c8e5?pid=RFRGNHK6EXZPHGBF
Whirlpool 236 L Direct Cool Single Door 5 Star Refrigerator with Base Drawer,24844,29250,15,no,,,,https://www.flipkart.com/whirlpool-236-l-direct-cool-single-door-5-star-refrigerator-base-drawer/p/itm715045152f0d3?pid=RFRHJFP5GYDVR9GT
Whirlpool 207 L Direct Cool Single Door 3 Star Refrigerator,21890,25990,16,no,,,,https://www.flipkart.com/whirlpool-207-l-direct-cool-single-door-3-star-refrigerator/p/itm07ac99a4e9ce4?pid=RFRHPJRNHYNKWFHB
Whirlpool 300 L Frost Free Triple Door 5 Star Refrigerator,29590,34800,15,no,,2.5,4,https://www.flipkart.com/whirlpool-300-l-frost-free-triple-door-5-star-refrigerator/p/itm8c6cc5898d733?pid=RFRHH3HFG4C2BFXQ
Whirlpool 215 L Direct Cool Single Door 3 Star Refrigerator,17690,20700,15,no,,4.3,842,https://www.flipkart.com/whirlpool-215-l-direct-cool-single-door-3-star-refrigerator/p/itm13ccad7a29ed8?pid=RFRFPFUEJGTQDTRS
Whirlpool 200 L Direct Cool Single Door 3 Star Refrigerator,15990,18600,14,no,,4.5,8,https://www.flipkart.com/whirlpool-200-l-direct-cool-single-door-3-star-refrigerator/p/itmc324ddb07a052?pid=RFRFQHMSVXFB7TAX
Whirlpool 184 L Direct Cool Single Door 4 Star Refrigerator  with Intellisense Inverter Compressor,16890,19800,15,no,,4.3,432,https://www.flipkart.com/whirlpool-184-l-direct-cool-single-door-4-star-refrigerator-intellisense-inverter-compressor/p/itmc641da0e45200?pid=RFRGHRHHTM23HMHK
IFB 187 L Direct Cool Single Door 3 Star Refrigerator,14990,20500,27,no,,,,https://www.flipkart.com/ifb-187-l-direct-cool-single-door-3-star-refrigerator/p/itm4f6a1ad098651?pid=RFRHZ2BZMGDJYUPQ
Whirlpool 192 L Direct Cool Single Door 3 Star Refrigerator,17433,20550,15,no,,,,https://www.flipkart.com/whirlpool-192-l-direct-cool-single-door-3-star-refrigerator/p/itmd533ed8b8b897?pid=RFRHMKZBWV8AAWP4
Whirlpool 184 L Direct Cool Single Door 3 Star Refrigerator,16572,19400,15,no,,,,https://www.flipkart.com/whirlpool-184-l-direct-cool-single-door-3-star-refrigerator/p/itmed98a9be35b2b?pid=RFRG6YDKYGSQV8ZR
Whirlpool 184 L Direct Cool Single Door 2 Star Refrigerator with Base Drawer,16990,19850,14,no,,,,https://www.flipkart.com/whirlpool-184-l-direct-cool-single-door-2-star-refrigerator-base-drawer/p/itmdf2448ec91a2c?pid=RFRHQFGYUBVXNUFU
Samsung 183 L Direct Cool Single Door 3 Star Refrigerator,17197,19999,14,no,,4.5,28,https://www.flipkart.com/samsung-183-l-direct-cool-single-door-3-star-refrigerator/p/itmff74xw9qrwy4h?pid=RFRGZS6TQ9AXESNH
Whirlpool 184 L Direct Cool Single Door 3 Star Refrigerator,17500,20550,15,no,,,,https://www.flipkart.com/whirlpool-184-l-direct-cool-single-door-3-star-refrigerator/p/itmc8feb236af0e7?pid=RFRHZ2BZRQ7N7UMJ
Whirlpool 265 L Frost Free Double Door 2 Star Refrigerator,25990,30500,15,no,,4.3,"10,292",https://www.flipkart.com/whirlpool-265-l-frost-free-double-door-2-star-refrigerator/p/itmc4fa0d0fb434f?pid=RFRFZRNHHNHCVPZH
LG 224 L Direct Cool Single Door 5 Star Refrigerator,25545,29899,15,no,,,,https://www.flipkart.com/lg-224-l-direct-cool-single-door-5-star-refrigerator/p/itm37fba4e5ba31e?pid=RFRGGBY5MFVGUE6Y
Whirlpool 236 L Direct Cool Single Door 5 Star Refrigerator with Base Drawer,21805,25299,14,no,,,,https://www.flipkart.com/whirlpool-236-l-direct-cool-single-door-5-star-refrigerator-base-drawer/p/itm9f6ef2983d80e?pid=RFRHM4ARQVZFGBFA
Whirlpool 190 L Direct Cool Single Door 5 Star Refrigerator,16990,19550,13,no,,4.3,"8,262",https://www.flipkart.com/whirlpool-190-l-direct-cool-single-door-5-star-refrigerator/p/itmceafed820946e?pid=RFRFGF8XGYFN5JWZ
Whirlpool 192 L Direct Cool Single Door 3 Star Refrigerator,15102,17400,13,no,,4.1,302,https://www.flipkart.com/whirlpool-192-l-direct-cool-single-door-3-star-refrigerator/p/itmc324ddb07a052?pid=RFRFQGESY28HSUN6
Whirlpool 192 L Direct Cool Single Door 3 Star Refrigerator,15122,19300,22,no,,,,https://www.flipkart.com/whirlpool-192-l-direct-cool-single-door-3-star-refrigerator/p/itm3a13dcab8ddb2?pid=RFRHM5FDNBP9NBZM
Whirlpool 184 L Direct Cool Single Door 4 Star Refrigerator,16990,19600,13,no,,4.3,"2,239",https://www.flipkart.com/whirlpool-184-l-direct-cool-single-door-4-star-refrigerator/p/itm35ea0722fda4d?pid=RFRGHRHHHWHUNAAG
Godrej 194 L Direct Cool Single Door 5 Star Refrigerator with Base Drawer  with Turbo Cooling Technolo...,24990,28990,14,no,,4.3,"12,134",https://www.flipkart.com/godrej-194-l-direct-cool-single-door-5-star-refrigerator-base-drawer-turbo-cooling-technology-energy-efficient-inverter-compressor/p/itm99811b0eca241?pid=RFRHBXMYRNZJZFZY
Whirlpool 190 L Direct Cool Single Door 1 Star Refrigerator,15493,18000,14,no,,,,https://www.flipkart.com/whirlpool-190-l-direct-cool-single-door-1-star-refrigerator/p/itmf71df0353b146?pid=RFRHMZYM3PKTSARY
Whirlpool 180 L Direct Cool Single Door 1 Star Refrigerator,12550,14400,13,no,,,,https://www.flipkart.com/whirlpool-180-l-direct-cool-single-door-1-star-refrigerator/p/itm4c1fd94535cd4?pid=RFRHM4M9AQVNBNHB
Godrej 207 L Direct Cool Single Door 5 Star Refrigerator with Base Drawer  with Turbo Cooling And Adva...,24490,27990,13,no,,4.3,"12,134",https://www.flipkart.com/godrej-207-l-direct-cool-single-door-5-star-refrigerator-base-drawer-turbo-cooling-advanced-inverter-technology/p/itmfa5a264371821?pid=RFRHBPG6CHJF9YFY
Whirlpool 235 L Frost Free Double Door 2 Star Refrigerator,26990,30750,12,no,,4.3,47,https://www.flipkart.com/whirlpool-235-l-frost-free-double-door-2-star-refrigerator/p/itma25273bf8dacf?pid=RFRGS7EB2CA4BEHT
Godrej 223 L Frost Free Double Door 2 Star Refrigerator  with AI Powered 30 Days Farm Freshness Unifor...,22990,25990,12,no,,4.2,"2,801",https://www.flipkart.com/godrej-223-l-frost-free-double-door-2-star-refrigerator-ai-powered-30-days-farm-freshness-uniform-360-cooling-inverter/p/itmf9666053234d6?pid=RFRHK4XVSNPYG6TY
Samsung 184 L Direct Cool Single Door 2 Star Refrigerator,16777,18999,12,no,,4.4,"4,238",https://www.flipkart.com/samsung-184-l-direct-cool-single-door-2-star-refrigerator/p/itmdf468d66a211a?pid=RFRGZS6TPT3FGWZC
Whirlpool 207 L Direct Cool Single Door 5 Star Refrigerator with Base Drawer,24300,27500,12,no,,4.2,15,https://www.flipkart.com/whirlpool-207-l-direct-cool-single-door-5-star-refrigerator-base-drawer/p/itmced710b88df48?pid=RFRGQHS9KGUZFNKD
Samsung 236 L Frost Free Double Door 1 Star Refrigerator,27499,30999,11,no,,,,https://www.flipkart.com/samsung-236-l-frost-free-double-door-1-star-refrigerator/p/itmebe2e9e530e84?pid=RFRHM49HUDMVNJRU
Whirlpool 192 L Direct Cool Single Door 3 Star Refrigerator,20590,23350,12,no,,,,https://www.flipkart.com/whirlpool-192-l-direct-cool-single-door-3-star-refrigerator/p/itm52dfa750ff78c?pid=RFRHMSUWDVBX6TPX
Samsung 183 L Direct Cool Single Door 3 Star Refrigerator with Base Drawer,18590,20999,11,no,,,,https://www.flipkart.com/samsung-183-l-direct-cool-single-door-3-star-refrigerator-base-drawer/p/itmfaf276dc5b53c?pid=RFRHJ2YZB75J5GFG
Whirlpool 200 L Direct Cool Single Door 5 Star Refrigerator with Base Drawer,18690,20950,11,no,,4.4,"1,953",https://www.flipkart.com/whirlpool-200-l-direct-cool-single-door-5-star-refrigerator-base-drawer/p/itmfgvhgjrkvdjyn?pid=RFRFHGZGCZ6T9AZW
Whirlpool 180 L Direct Cool Single Door 1 Star Refrigerator,12970,14500,11,no,,,,https://www.flipkart.com/whirlpool-180-l-direct-cool-single-door-1-star-refrigerator/p/itm61b680cd1bd01?pid=RFRHQYP4GUJRHRCC
Whirlpool 192 L Direct Cool Single Door 3 Star Refrigerator,19895,22150,10,no,,,,https://www.flipkart.com/whirlpool-192-l-direct-cool-single-door-3-star-refrigerator/p/itmc16a357d8a61d?pid=RFRHMPPGBZMNGKSW
Whirlpool 192 L Direct Cool Single Door 4 Star Refrigerator with Base Drawer,19390,21750,11,no,,4.4,"14,441",https://www.flipkart.com/whirlpool-192-l-direct-cool-single-door-4-star-refrigerator-base-drawer/p/itm3c4444645ad4d?pid=RFRH99Z8QZHB9HPC
Panasonic 197 L Direct Cool Single Door 2 Star Refrigerator,15889,17800,11,no,,4.3,3,https://www.flipkart.com/panasonic-197-l-direct-cool-single-door-2-star-refrigerator/p/itm9a70e333fed64?pid=RFRGGSGCJMH5Z3US
Samsung 183 L Direct Cool Single Door 2 Star Refrigerator,16799,18900,11,no,,,,https://www.flipkart.com/samsung-183-l-direct-cool-single-door-2-star-refrigerator/p/itma17c56e06d370?pid=RFRHM4BFJBJ49VB2
Whirlpool 184 L Direct Cool Single Door 3 Star Refrigerator,16990,18990,11,no,,4.3,928,https://www.flipkart.com/whirlpool-184-l-direct-cool-single-door-3-star-refrigerator/p/itmc4870feb17803?pid=RFRGMMF6TE6SNFPR
Whirlpool 190 L Direct Cool Single Door 3 Star Refrigerator,16990,18990,11,no,,4.3,928,https://www.flipkart.com/whirlpool-190-l-direct-cool-single-door-3-star-refrigerator/p/itmc4870feb17803?pid=RFRG4XR689KTY9QT
Whirlpool 235 L Frost Free Double Door 2 Star Refrigerator  with Coldest -24 C Freezer,30360,30360,0,no,,4.2,"6,748",https://www.flipkart.com/whirlpool-235-l-frost-free-double-door-2-star-refrigerator-coldest-24-c-freezer/p/itm7b929574f3d9c?pid=RFRGY9CTAEDEXJNP
Whirlpool 207 L Direct Cool Single Door 5 Star Refrigerator with Base Drawer,24500,27250,10,no,,4.6,39,https://www.flipkart.com/whirlpool-207-l-direct-cool-single-door-5-star-refrigerator-base-drawer/p/itm322daeb2ce711?pid=RFRHAEVZUJTRJAHY
Whirlpool 212 L Frost Free Double Door 2 Star Refrigerator,26690,29900,11,no,,,,https://www.flipkart.com/whirlpool-212-l-frost-free-double-door-2-star-refrigerator/p/itm0bda60022cd0d?pid=RFRHEEH8GAQC72KF
Whirlpool 236 L Direct Cool Single Door 3 Star Refrigerator,26500,29500,10,no,,3.7,10,https://www.flipkart.com/whirlpool-236-l-direct-cool-single-door-3-star-refrigerator/p/itmdec4a8a06ea17?pid=RFRGDUTRHDHXEG8G
Samsung 246 L Direct Cool Single Door 3 Star Refrigerator,25990,28999,10,no,,4.2,15,https://www.flipkart.com/samsung-246-l-direct-cool-single-door-3-star-refrigerator/p/itm24a805df3157d?pid=RFRGNHK68DVT67SJ
Whirlpool 190 L Direct Cool Single Door 2 Star Refrigerator,16990,18700,9,no,,4.4,"1,811",https://www.flipkart.com/whirlpool-190-l-direct-cool-single-door-2-star-refrigerator/p/itm843ab5996b701?pid=RFRGAD5HSYVHPTJQ
Whirlpool 200 L Direct Cool Single Door 3 Star Refrigerator,18690,20600,9,no,,4.3,"3,025",https://www.flipkart.com/whirlpool-200-l-direct-cool-single-door-3-star-refrigerator/p/itm21a679d8f6b61?pid=RFRFZGFAG3ZGFJHH
Godrej 180 L Direct Cool Single Door 2 Star Refrigerator  with Jumbo Vegetable Tray and Toughened Glas...,17500,19232,9,no,,4.2,132,https://www.flipkart.com/godrej-180-l-direct-cool-single-door-2-star-refrigerator-jumbo-vegetable-tray-toughened-glass-shelves/p/itmbc46f412a7736?pid=RFRHY8N9HKMZDAVW
Whirlpool 192 L Direct Cool Single Door 5 Star Refrigerator,20990,22800,8,no,,4.4,"11,195",https://www.flipkart.com/whirlpool-192-l-direct-cool-single-door-5-star-refrigerator/p/itm4ad18b6d72349?pid=RFRGXXYGZGKWG8ZM
Whirlpool 200 L Direct Cool Single Door 3 Star Refrigerator,17590,18990,7,no,,4.3,"3,025",https://www.flipkart.com/whirlpool-200-l-direct-cool-single-door-3-star-refrigerator/p/itm0f154121ecab5?pid=RFRFZD5GYTXBS2MG
Samsung 183 L Direct Cool Single Door 2 Star Refrigerator with Base Drawer,17499,18999,8,no,,,,https://www.flipkart.com/samsung-183-l-direct-cool-single-door-2-star-refrigerator-base-drawer/p/itm4d8aa5262a4dc?pid=RFRHM4BF4JRQN3FP
LG 242 L Frost Free Double Door 2 Star Convertible Refrigerator,26999,29255,8,no,,4.1,158,https://www.flipkart.com/lg-242-l-frost-free-double-door-2-star-convertible-refrigerator/p/itmf2a85d9c97477?pid=RFRFTW2ZTCSURJWY
Samsung 223 L Direct Cool Single Door 3 Star Refrigerator,23980,25999,8,no,,4.4,91,https://www.flipkart.com/samsung-223-l-direct-cool-single-door-3-star-refrigerator/p/itmff74xqz7wncy2?pid=RFRGNHK6BSWRTR2D
Samsung 215 L Direct Cool Single Door 4 Star Refrigerator with Base Drawer,23150,24999,7,no,,,,https://www.flipkart.com/samsung-215-l-direct-cool-single-door-4-star-refrigerator-base-drawer/p/itmf05c1d0d0dfc7?pid=RFRHHPMGHWNHNKEH
Whirlpool 190 L Direct Cool Single Door 3 Star Refrigerator,15708,16750,6,no,,,,https://www.flipkart.com/whirlpool-190-l-direct-cool-single-door-3-star-refrigerator/p/itm7f8a6514ad4d8?pid=RFRHMPPGXGYHRUZF
Whirlpool 200 L Direct Cool Single Door 5 Star Refrigerator,18590,19900,7,no,,4.4,"1,953",https://www.flipkart.com/whirlpool-200-l-direct-cool-single-door-5-star-refrigerator/p/itmceafed820946e?pid=RFRFHGZGBXA2FHAM
Whirlpool 184 L Direct Cool Single Door 3 Star Refrigerator,16890,18150,7,no,,4.3,432,https://www.flipkart.com/whirlpool-184-l-direct-cool-single-door-3-star-refrigerator/p/itmc641da0e45200?pid=RFRGNYB8VKFXBPZF
Whirlpool 190 L Direct Cool Single Door 5 Star Refrigerator with Base Drawer,18690,19700,5,no,,4.4,"5,135",https://www.flipkart.com/whirlpool-190-l-direct-cool-single-door-5-star-refrigerator-base-drawer/p/itmfgvhgjrkvdjyn?pid=RFRFGF8XW9T7DBQG
Whirlpool 184 L Direct Cool Single Door 3 Star Refrigerator,15603,16500,5,no,,4.2,258,https://www.flipkart.com/whirlpool-184-l-direct-cool-single-door-3-star-refrigerator/p/itm9b6380fd38ce0?pid=RFRFZD5GGWUHFJZS
Samsung 183 L Direct Cool Single Door 2 Star Refrigerator,16999,17900,5,no,,4.4,"13,549",https://www.flipkart.com/samsung-183-l-direct-cool-single-door-2-star-refrigerator/p/itmf2eb567f60cf8?pid=RFRGZS6TAHEHNHVH
Whirlpool 184 L Direct Cool Single Door 2 Star Refrigerator,15117,15474,2,no,,4.3,"29,777",https://www.flipkart.com/whirlpool-184-l-direct-cool-single-door-2-star-refrigerator/p/itm19c3f8212ab7d?pid=RFRGHRHHVGHG2RHF
Haier 175 L Direct Cool Single Door 2 Star Refrigerator,16470,16921,3,no,,4.3,"7,700",https://www.flipkart.com/haier-175-l-direct-cool-single-door-2-star-refrigerator/p/itm4f24ed5cdc496?pid=RFRGHQAFEXPVHWDY
Haier 185 L Direct Cool Single Door 5 Star Refrigerator with Base Drawer,23899,24490,2,no,,4.4,"6,383",https://www.flipkart.com/haier-185-l-direct-cool-single-door-5-star-refrigerator-base-drawer/p/itm63b4a7fbf592e?pid=RFRGHQAFUHNHQPTZ
Samsung 189 L Direct Cool Single Door 5 Star Refrigerator,23379,23999,3,no,,4.3,185,https://www.flipkart.com/samsung-189-l-direct-cool-single-door-5-star-refrigerator/p/itm56da9932b4756?pid=RFRGNHK6HU2E2ZCH
Godrej 183 L Direct Cool Single Door 3 Star Refrigerator  with Jumbo Vegetable Tray and Toughened Glas...,24318,24699,2,no,,4.3,"10,992",https://www.flipkart.com/godrej-183-l-direct-cool-single-door-3-star-refrigerator-jumbo-vegetable-tray-toughened-glass-shelves/p/itm90f2ef108b3d3?pid=RFRGZNRAW8MFVHDQ
Whirlpool 190 L Direct Cool Single Door 2 Star Refrigerator,15748,15999,2,no,,4.3,"9,618",https://www.flipkart.com/whirlpool-190-l-direct-cool-single-door-2-star-refrigerator/p/itmf6b4c3749b7e4?pid=RFRFZGFAGZUJTXWF
Whirlpool 190 L Direct Cool Single Door 3 Star Refrigerator,17718,17999,2,no,,4.3,"1,654",https://www.flipkart.com/whirlpool-190-l-direct-cool-single-door-3-star-refrigerator/p/itm600cc6ce9ae49?pid=RFRG4XR6QNSM6X5H
Whirlpool 190 L Direct Cool Single Door 2 Star Refrigerator,17731,17999,1,no,,4.4,"15,613",https://www.flipkart.com/whirlpool-190-l-direct-cool-single-door-2-star-refrigerator/p/itm61b680cd1bd01?pid=RFRFZGFADYS3UTBG
Whirlpool 215 L Direct Cool Single Door 5 Star Refrigerator with Base Drawer,26576,26990,2,no,,4.4,"3,685",https://www.flipkart.com/whirlpool-215-l-direct-cool-single-door-5-star-refrigerator-base-drawer/p/itm800e20a5371c5?pid=RFRFRFWC42CQPPT9
Voltas Beko by A Tata Product 173 L Direct Cool Single Door 2 Star Refrigerator,25599,25999,2,no,,4.3,"14,057",https://www.flipkart.com/voltas-beko-tata-product-173-l-direct-cool-single-door-2-star-refrigerator/p/itme33447a3f4e2a?pid=RFRGQHXPKSVNJU5G
Whirlpool 215 L Direct Cool Single Door 5 Star Refrigerator,26596,26999,1,no,,4.3,"1,192",https://www.flipkart.com/whirlpool-215-l-direct-cool-single-door-5-star-refrigerator/p/itm2e8e8d9c998ef?pid=RFRFSFURGMVZJGN8
Lloyd by Havells 190 L Direct Cool Single Door 4 Star Refrigerator with Base Drawer,26498,26900,1,no,,4.3,"4,797",https://www.flipkart.com/lloyd-havells-190-l-direct-cool-single-door-4-star-refrigerator-base-drawer/p/itm2d3145e03f988?pid=RFRGCHQ94EPGUSHR
Whirlpool 236 L Direct Cool Single Door 4 Star Refrigerator,23642,23999,1,no,,,,https://www.flipkart.com/whirlpool-236-l-direct-cool-single-door-4-star-refrigerator/p/itm8a6a66b85451d?pid=RFRGZ76JHG6SKJXP
Samsung 189 L Direct Cool Single Door 5 Star Refrigerator with Base Drawer  with Digital Inverter,21999,4150,-430,no,,4.5,"68,481",https://www.flipkart.com/samsung-189-l-direct-cool-single-door-5-star-refrigerator-base-drawer-digital-inverter/p/itm0989ee11525f6?pid=RFRGW5UP9EGDGBXV
Samsung 189 L Direct Cool Single Door 5 Star Refrigerator with Base Drawer  with Digital Inverter,21999,4150,-430,no,,4.5,"68,481",https://www.flipkart.com/samsung-189-l-direct-cool-single-door-5-star-refrigerator-base-drawer-digital-inverter/p/itm8a2ba13a934c0?pid=RFRGW5UP8XX8H3VF
Samsung 183 L Direct Cool Single Door 5 Star Refrigerator with Base Drawer  with Digital Inverter,22999,4150,-454,no,,4.5,"68,481",https://www.flipkart.com/samsung-183-l-direct-cool-single-door-5-star-refrigerator-base-drawer-digital-inverter/p/itm2bae2ad2801e8?pid=RFRGW5UPKHNTW67W
Samsung 183 L Direct Cool Single Door 4 Star Refrigerator  with Digital Inverter,21999,4150,-430,no,,4.4,"14,689",https://www.flipkart.com/samsung-183-l-direct-cool-single-door-4-star-refrigerator-digital-inverter/p/itmfff1e0ec93227?pid=RFRGHJPXXYYV3V2B
Samsung 183 L Direct Cool Single Door 3 Star Refrigerator  with Digital Inverter,18999,4150,-358,no,,4.4,"17,673",https://www.flipkart.com/samsung-183-l-direct-cool-single-door-3-star-refrigerator-digital-inverter/p/itmf01477eb08fff?pid=RFRGHJPXPYGXUFS7
Godrej 180 L Direct Cool Single Door 2 Star Refrigerator  with 20L Jumbo Vegetable Tray Advanced Capil...,20300,4150,-389,no,,4.3,"3,569",https://www.flipkart.com/godrej-180-l-direct-cool-single-door-2-star-refrigerator-20l-jumbo-vegetable-tray-advanced-capillary-technology-2-5l-bottle-space/p/itm8695e248221a9?pid=RFRHMKUY75VPRNNY
Samsung 215 L Direct Cool Single Door 5 Star Refrigerator with Base Drawer,26999,4150,-551,no,,4.4,"9,671",https://www.flipkart.com/samsung-215-l-direct-cool-single-door-5-star-refrigerator-base-drawer/p/itm86ed5304fbd95?pid=RFRGWZT2T6M67Z7X
"CANDY 190 L Direct Cool Single Door 4 Star Refrigerator  with Jumbo Fruit and vegetable Box , Stabiliz...",17990,4150,-333,no,,4.3,"14,305",https://www.flipkart.com/candy-190-l-direct-cool-single-door-4-star-refrigerator-jumbo-fruit-vegetable-box-stabilizer-free-operation/p/itm00f208450a364?pid=RFRGHUEFKNU9QG5M
BOSCH 187 L Direct Cool Single Door 5 Star Refrigerator with Base Drawer  with Industry's largest vege...,26440,6900,-283,no,,4.5,688,https://www.flipkart.com/bosch-187-l-direct-cool-single-door-5-star-refrigerator-base-drawer-industry-s-largest-vegetable-box-beverage-space/p/itm893bf4762586b?pid=RFRHGGAYG6SMSYGZ
Voltas Beko 183 L Direct Cool Single Door 5 Star Refrigerator,28490,4150,-587,no,,4.4,"6,923",https://www.flipkart.com/voltas-beko-183-l-direct-cool-single-door-5-star-refrigerator/p/itmee0242f3df1c2?pid=RFRHFRNF4GVBFKHX
Haier 205 L Direct Cool Single Door 3 Star Refrigerator,25290,4150,-509,no,,4.3,"2,602",https://www.flipkart.com/haier-205-l-direct-cool-single-door-3-star-refrigerator/p/itmff5710ec700bb?pid=RFRHDHKYHVPEG7R4
Lloyd by Havells 188 L Direct Cool Single Door 2 Star Refrigerator,18690,18690,0,no,,4.3,37,https://www.flipkart.com/lloyd-havells-188-l-direct-cool-single-door-2-star-refrigerator/p/itmf439e842a658b?pid=RFRGSGNJFMZDCSJN
Haier 190 L Direct Cool Single Door 5 Star Refrigerator with Base Drawer  with Large Storage Space1 Ho...,26590,4150,-541,no,,4.4,"6,383",https://www.flipkart.com/haier-190-l-direct-cool-single-door-5-star-refrigerator-base-drawer-large-storage-space1-hour-icing-technology/p/itm4a36daa8e302f?pid=RFRGT4YJZJJTHK63
Haier 190 L Direct Cool Single Door 5 Star Refrigerator  with Toughned Glass ShelfLarge Vegetable Box,22490,4150,-442,no,,4.4,"17,860",https://www.flipkart.com/haier-190-l-direct-cool-single-door-5-star-refrigerator-toughned-glass-shelflarge-vegetable-box/p/itm703239f29ff58?pid=RFRGHQAF3MDN7YQZ
Godrej 183 L Direct Cool Single Door 2 Star Refrigerator  with Jumbo Vegetable Tray and Wired Shelves,17290,4150,-317,no,,4.3,"4,737",https://www.flipkart.com/godrej-183-l-direct-cool-single-door-2-star-refrigerator-jumbo-vegetable-tray-wired-shelves/p/itm01fc475dc215a?pid=RFRHF5TFYCZZGFRS
Godrej 183 L Direct Cool Single Door 2 Star Refrigerator  with Toughened Glass Shelves And Turbo Cooli...,19090,19090,0,no,,4.2,"1,097",https://www.flipkart.com/godrej-183-l-direct-cool-single-door-2-star-refrigerator-toughened-glass-shelves-turbo-cooling-technology/p/itmd554082673e94?pid=RFRGZH9NHNSURDYY
Haier 190 L Direct Cool Single Door 4 Star Refrigerator  with Toughned Glass ShelfLarge Vegetable Box,20990,4150,-406,no,,4.4,"28,483",https://www.flipkart.com/haier-190-l-direct-cool-single-door-4-star-refrigerator-toughned-glass-shelflarge-vegetable-box/p/itmd5e491a1e5e84?pid=RFRGHQAF6RHZS49X
Godrej 194 L Direct Cool Single Door 5 Star Refrigerator  with 24 Days Farm Freshness 16L Jumbo Vegeta...,27740,4150,-568,no,,4.4,165,https://www.flipkart.com/godrej-194-l-direct-cool-single-door-5-star-refrigerator-24-days-farm-freshness-16l-jumbo-vegetable-tray-advanced-inverter-technology/p/itmefe3383f38d19?pid=RFRHK6Y23XYCGXYA
LG 185 L Direct Cool Single Door 2 Star Refrigerator with Base Drawer,18999,4150,-358,no,,4.3,"5,180",https://www.flipkart.com/lg-185-l-direct-cool-single-door-2-star-refrigerator-base-drawer/p/itm30ce3f299c56d?pid=RFRHFS9MZXY5EZSN
"Lloyd 188 L Direct Cool Single Door 3 Star Refrigerator  with with Viruzsafe Technology, Quick Chillin...",19590,4150,-372,no,,4.3,44,https://www.flipkart.com/lloyd-188-l-direct-cool-single-door-3-star-refrigerator-viruzsafe-technology-quick-chilling-zone-fleximax-design/p/itmbd3d705af2b10?pid=RFRH3MTGVUYSC39N
Samsung 183 L Direct Cool Single Door 5 Star Refrigerator with Base Drawer  with Digital Inverter,22999,4150,-454,no,,4.5,"26,851",https://www.flipkart.com/samsung-183-l-direct-cool-single-door-5-star-refrigerator-base-drawer-digital-inverter/p/itm2b614c980a0e3?pid=RFRGW5UPYV7K4WRA
Panasonic 190 L Direct Cool Single Door 2 Star Refrigerator,22190,4150,-435,no,,4.2,761,https://www.flipkart.com/panasonic-190-l-direct-cool-single-door-2-star-refrigerator/p/itmfd8837fa8b05f?pid=RFRHAMXRBZVGEVSF
"LG 185 L Direct Cool Single Door 4 Star Refrigerator with Base Drawer  with Smart Inverter Compressor,...",22499,4150,-442,no,,4.4,"6,326",https://www.flipkart.com/lg-185-l-direct-cool-single-door-4-star-refrigerator-base-drawer-smart-inverter-compressor-auto-connect-fast-ice-making/p/itmea3388bd9a551?pid=RFRHBC6AQPJBBMHR
"Haier 190 L Direct Cool Single Door 4 Star Refrigerator  with Ice Formation possible in 60 Minutes, Ea...",25290,4150,-509,no,,4.4,"28,483",https://www.flipkart.com/haier-190-l-direct-cool-single-door-4-star-refrigerator-ice-formation-possible-60-minutes-easy-safe-clean-back-large-veg-box-led-light-lock-key-safety/p/itm7cad63789ecce?pid=RFRHKMPPUMZ9HPGH
BOSCH 187 L Direct Cool Single Door 3 Star Refrigerator  with Industrys largest vegetable box|Industry...,22500,4150,-442,no,,4.4,122,https://www.flipkart.com/bosch-187-l-direct-cool-single-door-3-star-refrigerator-industrys-largest-vegetable-box-industrys-beverage-space-18-hour-cooling-retention-during-powercut-2-5x-faster/p/itm888f4f9e66fdf?pid=RFRHDT52MV7JX4XA
Whirlpool 184 L Direct Cool Single Door 2 Star Refrigerator,17500,4150,-322,no,,4.3,"29,777",https://www.flipkart.com/whirlpool-184-l-direct-cool-single-door-2-star-refrigerator/p/itm2384f47993e78?pid=RFRH99Z8EHWFZDAG
Samsung 183 L Direct Cool Single Door 5 Star Refrigerator with Base Drawer  with Digital Inverter,22999,4150,-454,no,,4.5,"26,851",https://www.flipkart.com/samsung-183-l-direct-cool-single-door-5-star-refrigerator-base-drawer-digital-inverter/p/itm3b074d0a8f96a?pid=RFRGW5UPCKN2YVYW
"IFB 187 L Direct Cool Single Door 2 Star Refrigerator  with 30 Hrs Cooling Retention, Big Vegetable Bo...",20600,4150,-396,no,,,,https://www.flipkart.com/ifb-187-l-direct-cool-single-door-2-star-refrigerator-30-hrs-cooling-retention-big-vegetable-box-humidity-controller-25-days-fresh-xl-bottle-bin-4-year-super-warranty/p/itm0430aaa78887b?pid=RFRHMBFEASCDPGKH
LG 201 L Direct Cool Single Door 5 Star Refrigerator with Base Drawer,28190,4150,-579,no,,4.4,"1,905",https://www.flipkart.com/lg-201-l-direct-cool-single-door-5-star-refrigerator-base-drawer/p/itme8e6aaf071b05?pid=RFRHHSVKDXTZ9SUH
Whirlpool 192 L Direct Cool Single Door 4 Star Refrigerator with Base Drawer,24860,4150,-499,no,,4.4,"14,441",https://www.flipkart.com/whirlpool-192-l-direct-cool-single-door-4-star-refrigerator-base-drawer/p/itmd4bee9c40016a?pid=RFRHAEVZS3HGHQQF
"LG 185 L Direct Cool Single Door 5 Star Refrigerator with Base Drawer  with Smart Inverter Compressor,...",22799,4150,-449,no,,4.5,"6,668",https://www.flipkart.com/lg-185-l-direct-cool-single-door-5-star-refrigerator-base-drawer-smart-inverter-compressor-connect-fast-ice-making/p/itme13dc1b731480?pid=RFRGHMVYM5976CHB
Midea 215 L Direct Cool Single Door 3 Star Refrigerator,24990,4150,-502,no,,4.4,45,https://www.flipkart.com/midea-215-l-direct-cool-single-door-3-star-refrigerator/p/itma7898bcac4c85?pid=RFRHA7HJHQ59U2TX
Samsung 183 L Direct Cool Single Door 4 Star Refrigerator with Base Drawer  with Digital Inverter,22999,6900,-233,no,,4.5,"82,751",https://www.flipkart.com/samsung-183-l-direct-cool-single-door-4-star-refrigerator-base-drawer-digital-inverter/p/itm0e72f8c5beb0d?pid=RFRGHJPXATRDHYHF
"IFB 197 L Direct Cool Single Door 4 Star Refrigerator with Base Drawer  with 30 Hrs Cooling Retention,...",25400,6900,-268,no,,3.4,7,https://www.flipkart.com/ifb-197-l-direct-cool-single-door-4-star-refrigerator-base-drawer-30-hrs-cooling-retention-big-vegetable-box-humidity-controller-25-days-fresh-xl-bottle-bin-advanced-inverter-compressor-year-super-warranty/p/itm6ffc024c54170?pid=RFRHMBFE7JE3JDRQ
LG 185 L Direct Cool Single Door 4 Star Refrigerator with Base Drawer  with Smart Inverter Compressor,22499,4150,-442,no,,4.4,"7,250",https://www.flipkart.com/lg-185-l-direct-cool-single-door-4-star-refrigerator-base-drawer-smart-inverter-compressor/p/itm298afe5163996?pid=RFRGQTNNXNRTNJHV
Liebherr 205 L Direct Cool Single Door 3 Star Refrigerator,26010,4150,-527,no,,4.4,228,https://www.flipkart.com/liebherr-205-l-direct-cool-single-door-3-star-refrigerator/p/itm16bf6bb42d8e1?pid=RFRGSZGMWNW6GAVG
BOSCH 187 L Direct Cool Single Door 5 Star Refrigerator with Base Drawer  with Industry's largest vege...,26290,4150,-533,no,,4.5,688,https://www.flipkart.com/bosch-187-l-direct-cool-single-door-5-star-refrigerator-base-drawer-industry-s-largest-vegetable-box-beverage-space/p/itm94b0846ae916d?pid=RFRHGGAYZTXPZWWQ
Lloyd by Havells 178 L Direct Cool Single Door 2 Star Refrigerator  with Quick Chilling Zone Fast Ice ...,15190,4150,-266,no,,4.1,"1,130",https://www.flipkart.com/lloyd-havells-178-l-direct-cool-single-door-2-star-refrigerator-quick-chilling-zone-fast-ice-makingfleximax-design/p/itm687688b93ba93?pid=RFRHAH6FDFFB6UZH
Samsung 223 L Direct Cool Single Door 3 Star Refrigerator with Base Drawer  with Digital Inverter,24999,4150,-502,no,,4.4,"9,671",https://www.flipkart.com/samsung-223-l-direct-cool-single-door-3-star-refrigerator-base-drawer-digital-inverter/p/itme034f49f773dd?pid=RFRGHJPXNGEUM66R
LG 185 L Direct Cool Single Door 5 Star Refrigerator,22199,4150,-435,no,,4.5,"29,030",https://www.flipkart.com/lg-185-l-direct-cool-single-door-5-star-refrigerator/p/itmaea4f6a44d258?pid=RFRGZMS7P4AXVPF6
realme TechLife 183 L Direct Cool Single Door 4 Star Refrigerator  with Rapid Chill Technology and Lar...,25990,4150,-526,no,,4.2,"3,821",https://www.flipkart.com/realme-techlife-183-l-direct-cool-single-door-4-star-refrigerator-rapid-chill-technology-large-vegetable-basket/p/itm1e62e4e5e41e3?pid=RFRH4EGHAZGQ56S2
Panasonic 190 L Direct Cool Single Door 2 Star Refrigerator,19090,4150,-360,no,,4.2,761,https://www.flipkart.com/panasonic-190-l-direct-cool-single-door-2-star-refrigerator/p/itmde074de5ad73f?pid=RFRHAMXQRCFKHGD2
Whirlpool 184 L Direct Cool Single Door 2 Star Refrigerator,17000,4150,-310,no,,4.3,"20,975",https://www.flipkart.com/whirlpool-184-l-direct-cool-single-door-2-star-refrigerator/p/itmd9194a8de37ea?pid=RFRGHRHHPA7UZFGW
"LG 185 L Direct Cool Single Door 2 Star Refrigerator with Base Drawer  with Chiller Tray, Works withou...",20890,4150,-403,no,,4.4,"6,450",https://www.flipkart.com/lg-185-l-direct-cool-single-door-2-star-refrigerator-base-drawer-chiller-tray-works-without-stabilizer-2026-model/p/itm05725b305f67a?pid=RFRHKCXUYNGZ2HP2
Billion 92 L Direct Cool Single Door 1 Star Refrigerator,14990,4150,-261,no,,4.3,"5,906",https://www.flipkart.com/billion-92-l-direct-cool-single-door-1-star-refrigerator/p/itmadb693120d2ce?pid=RFRHKUNFNPNSKPFE
Whirlpool 184 L Direct Cool Single Door 2 Star Refrigerator,15800,4150,-281,no,,4.3,"20,975",https://www.flipkart.com/whirlpool-184-l-direct-cool-single-door-2-star-refrigerator/p/itm50a9b1002b6f1?pid=RFRGHRHHUSCP4YWG
Godrej 180 L Direct Cool Single Door 2 Star Refrigerator  with Farm Fresh Crisper Technology | Jumbo V...,16990,4150,-309,no,,4.3,"3,569",https://www.flipkart.com/godrej-180-l-direct-cool-single-door-2-star-refrigerator-farm-fresh-crisper-technology-jumbo-vegetable-tray-turbo-cooling-wired-shelves-tall-base/p/itm5b49307625f3b?pid=RFRHEKYAMD4DECRK
Whirlpool 184 L Direct Cool Single Door 2 Star Refrigerator,17500,4150,-322,no,,4.3,"29,777",https://www.flipkart.com/whirlpool-184-l-direct-cool-single-door-2-star-refrigerator/p/itmc2bd80b306ecd?pid=RFRH99Z8ZGUGZS7T
Godrej 180 L Direct Cool Single Door 1 Star Refrigerator  with Advanced Capillary Technology with Toug...,16490,4150,-297,no,,4.2,725,https://www.flipkart.com/godrej-180-l-direct-cool-single-door-1-star-refrigerator-advanced-capillary-technology-toughened-glass-shelves/p/itm4a04fa4af56df?pid=RFRH9DD7WVSM7NUY
Samsung 183 L Direct Cool Single Door 2 Star Refrigerator,16482,4150,-297,no,,4.4,"27,508",https://www.flipkart.com/samsung-183-l-direct-cool-single-door-2-star-refrigerator/p/itm3532458159555?pid=RFRH9C33UNPT9BRK
Haier 185 L Direct Cool Single Door 2 Star Refrigerator,17090,4150,-312,no,,4.5,202,https://www.flipkart.com/haier-185-l-direct-cool-single-door-2-star-refrigerator/p/itmb6dbffb5a9ae5?pid=RFRHEAXMARANE2KJ
"CANDY 185 L Direct Cool Single Door 2 Star Refrigerator  with Toughed glass Shelves ,Stabilizer Free O...",17490,4150,-321,no,,4.4,422,https://www.flipkart.com/candy-185-l-direct-cool-single-door-2-star-refrigerator-toughed-glass-shelves-stabilizer-free-operation-glossy-finish/p/itmec29c0177a49c?pid=RFRGSP6XV4PWSKPF
Godrej 244 L Frost Free Double Door 4 Star Refrigerator  with AI Powered | Convertible Freezer 6-In-1 ...,29990,6900,-335,no,,4.2,"1,856",https://www.flipkart.com/godrej-244-l-frost-free-double-door-4-star-refrigerator-ai-powered-convertible-freezer-6-in-1-95-food-surface-disinfection-inverter-compressor/p/itm455ff59050877?pid=RFRHFBH8HHGYJPK8
MOTOROLA 180 L Direct Cool Single Door 5 Star Refrigerator  with Curved Door and Smart Inverter Techno...,29990,6900,-335,no,,4.5,209,https://www.flipkart.com/motorola-180-l-direct-cool-single-door-5-star-refrigerator-curved-smart-inverter-technology/p/itmfb4fdfd634fcb?pid=RFRHDT6HTVYM7BGD
BOSCH 207 L Direct Cool Single Door 5 Star Refrigerator with Base Drawer  with Industry's largest vege...,29640,6900,-330,no,,4.5,550,https://www.flipkart.com/bosch-207-l-direct-cool-single-door-5-star-refrigerator-base-drawer-industry-s-largest-vegetable-box-beverage-space/p/itm34068505203a2?pid=RFRHGGAYRDHAE3HH
Voltas Beko 183 L Direct Cool Single Door 2 Star Refrigerator,27990,6900,-306,no,,4.2,456,https://www.flipkart.com/voltas-beko-183-l-direct-cool-single-door-2-star-refrigerator/p/itm63556cb981446?pid=RFRHMHHPQBQK2AJH
Samsung 215 L Direct Cool Single Door 5 Star Refrigerator with Base Drawer,26999,4150,-551,no,,4.4,"9,671",https://www.flipkart.com/samsung-215-l-direct-cool-single-door-5-star-refrigerator-base-drawer/p/itm9052a6bfbf909?pid=RFRGNHK6HEHN7NRP
Godrej 234 L Direct Cool Single Door 3 Star Refrigerator  with Large Vegetable Tray With Faster Coolin...,26990,4150,-550,no,,4.3,"2,591",https://www.flipkart.com/godrej-234-l-direct-cool-single-door-3-star-refrigerator-large-vegetable-tray-faster-cooling-ice-making/p/itm3ce3fed81a147?pid=RFRGRVC3HGTPADFU
"CANDY 240 L Frost Free Double Door 2 Star Refrigerator  with Auto frost , large Fruit and Vegetable Sp...",26490,4150,-538,no,,4.3,"3,958",https://www.flipkart.com/candy-240-l-frost-free-double-door-2-star-refrigerator-auto-large-fruit-vegetable-space/p/itm6eabe02f0fe6d?pid=RFRGHUEYYSTPMRGX
"LG 185 L Direct Cool Single Door 5 Star Refrigerator with Base Drawer  with Smart Inverter Compressor,...",26290,4150,-533,no,,4.5,"29,030",https://www.flipkart.com/lg-185-l-direct-cool-single-door-5-star-refrigerator-base-drawer-smart-inverter-compressor-runs-home-inverter-fit-max-chiller-tray-2026-model/p/itmbd859e13f22b7?pid=RFRHHPGWHHFA7QTV
realme TechLife 183 L Direct Cool Single Door 4 Star Refrigerator  with Rapid Chill Technology and Lar...,25990,6900,-277,no,,4.2,"3,821",https://www.flipkart.com/realme-techlife-183-l-direct-cool-single-door-4-star-refrigerator-rapid-chill-technology-large-vegetable-basket/p/itm7f97b22c818d4?pid=RFRH4EGHVYVXENBD
Voltas Beko 183 L Direct Cool Single Door 2 Star Refrigerator,25190,6900,-265,no,,4.3,"14,057",https://www.flipkart.com/voltas-beko-183-l-direct-cool-single-door-2-star-refrigerator/p/itme1bf3151708b2?pid=RFRGYXV7PVKRUKTV
Godrej 185 L Direct Cool Single Door 5 Star Refrigerator with Base Drawer  with Turbo Cooling Technolo...,24990,6900,-262,no,,4.3,"4,340",https://www.flipkart.com/godrej-185-l-direct-cool-single-door-5-star-refrigerator-base-drawer-turbo-cooling-technology-toughened-glass-shelves/p/itm76b405c17a2df?pid=RFRHDAKDYFHENSZM
Godrej 221 L Direct Cool Single Door 3 Star Refrigerator,24090,24090,0,no,,4.1,180,https://www.flipkart.com/godrej-221-l-direct-cool-single-door-3-star-refrigerator/p/itm613a8629a0dc6?pid=RFRGG8DFVEK3VBST
Whirlpool 192 L Direct Cool Single Door 5 Star Refrigerator,23400,4150,-464,no,,4.3,"1,290",https://www.flipkart.com/whirlpool-192-l-direct-cool-single-door-5-star-refrigerator/p/itm8969cf97843ff?pid=RFRGZS6TGRURRPAQ
realme TechLife 180 L Direct Cool Single Door 3 Star Refrigerator  with Rapid Chill Technology and Lar...,22990,4150,-454,no,,4.3,"2,716",https://www.flipkart.com/realme-techlife-180-l-direct-cool-single-door-3-star-refrigerator-rapid-chill-technology-large-vegetable-basket/p/itm6109e4687fb65?pid=RFRGPV2AT3NKGAMH
Godrej 180 L Direct Cool Single Door 5 Star Refrigerator with Base Drawer  with Faster Bottle Cooling ...,22990,4150,-454,no,,4.3,"12,134",https://www.flipkart.com/godrej-180-l-direct-cool-single-door-5-star-refrigerator-base-drawer-faster-bottle-cooling-ice-making/p/itm0771ae627bd19?pid=RFRHFHH856J8BBYZ
Samsung 183 L Direct Cool Single Door 4 Star Refrigerator,21999,4150,-430,no,,4.5,"26,851",https://www.flipkart.com/samsung-183-l-direct-cool-single-door-4-star-refrigerator/p/itmbdb6f4065625b?pid=RFRGNHK6K7PN3BGD
Liebherr 205 L Direct Cool Single Door 4 Star Refrigerator,27010,27010,0,no,,3.9,18,https://www.flipkart.com/liebherr-205-l-direct-cool-single-door-4-star-refrigerator/p/itma30d6527b0144?pid=RFRGSZGM4DZKBJMZ
Liebherr 205 L Direct Cool Single Door 4 Star Refrigerator,27010,27010,0,no,,4.4,228,https://www.flipkart.com/liebherr-205-l-direct-cool-single-door-4-star-refrigerator/p/itm16bf6bb42d8e1?pid=RFRGSZGMYWN2WTMC
Panasonic 215 L Direct Cool Single Door 2 Star Refrigerator,26990,4150,-550,no,,4.2,761,https://www.flipkart.com/panasonic-215-l-direct-cool-single-door-2-star-refrigerator/p/itm5cf37f8c93eca?pid=RFRHAMXQHHHHZF3H
Haier 215 L Direct Cool Single Door 5 Star Refrigerator with Base Drawer  with Large Storage Space1 Ho...,26990,26990,0,no,,4.4,"6,383",https://www.flipkart.com/haier-215-l-direct-cool-single-door-5-star-refrigerator-base-drawer-large-storage-space1-hour-icing-technology/p/itm87bb3dceb8487?pid=RFRGNKRZDRMCZDRD
"IFB 197 L Direct Cool Single Door 5 Star Refrigerator with Base Drawer  with 30 Hrs Cooling Retention,...",26700,4150,-543,no,,4.6,16,https://www.flipkart.com/ifb-197-l-direct-cool-single-door-5-star-refrigerator-base-drawer-30-hrs-cooling-retention-big-vegetable-box-humidity-controller-25-days-fresh-xl-bottle-bin-advanced-inverter-compressor-4-year-super-warranty/p/itmb4e61061f07b0?pid=RFRHMBFECNHWGJDZ
Voltas Beko 183 L Direct Cool Single Door 3 Star Refrigerator,26490,4150,-538,no,,4.3,"14,057",https://www.flipkart.com/voltas-beko-183-l-direct-cool-single-door-3-star-refrigerator/p/itm8b8da82c3fe62?pid=RFRGXY38WYEAA5YH
"LG 185 L Direct Cool Single Door 5 Star Refrigerator with Base Drawer  with Smart Inverter Compressor,...",26290,4150,-533,no,,4.5,"29,030",https://www.flipkart.com/lg-185-l-direct-cool-single-door-5-star-refrigerator-base-drawer-smart-inverter-compressor-runs-home-inverter-fit-max-chiller-tray-2026-model/p/itm30d1991796bdc?pid=RFRHHPGWGWKZVWYE
"TOSHIBA 253 L Frost Free Double Door 2 Star Refrigerator  with Real Inverter, AG+ Deodorizer",26000,4150,-527,no,,,,https://www.flipkart.com/toshiba-253-l-frost-free-double-door-2-star-refrigerator-real-inverter-ag-deodorizer/p/itm24fb78f541439?pid=RFRH2M426HUADH7Z
Haier 190 L Direct Cool Single Door 4 Star Refrigerator with Base Drawer  with Large Storage Space1 Ho...,25790,6900,-274,no,,4.4,"1,458",https://www.flipkart.com/haier-190-l-direct-cool-single-door-4-star-refrigerator-base-drawer-large-storage-space1-hour-icing-technology/p/itm9f6cb8d385d72?pid=RFRGWU8AYJCGFZJF
Liebherr 205 L Direct Cool Single Door 4 Star Refrigerator,25660,6900,-272,no,,4.4,228,https://www.flipkart.com/liebherr-205-l-direct-cool-single-door-4-star-refrigerator/p/itma30d6527b0144?pid=RFRGSZGM4DQP2AWH
"IFB 206 L Direct Cool Single Door 5 Star Refrigerator  with Powered by E-Tech, Extraordinary Storage, ...",25350,4150,-511,no,,4.4,"1,199",https://www.flipkart.com/ifb-206-l-direct-cool-single-door-5-star-refrigerator-powered-e-tech-extraordinary-storage-quadra-crisper-humidity-controller-advanced-inverter-compressor/p/itmc6102b61bed2f?pid=RFRGXZ2YVMNNP7XH
Voltas Beko by A Tata Product 183 L Direct Cool Single Door 2 Star Refrigerator,25190,4150,-507,no,,4.3,"14,057",https://www.flipkart.com/voltas-beko-tata-product-183-l-direct-cool-single-door-2-star-refrigerator/p/itm93614b2179922?pid=RFRH6YJ7UJHCMEYF
Voltas Beko by A Tata Product 183 L Direct Cool Single Door 3 Star Refrigerator,25190,4150,-507,no,,4.3,"14,057",https://www.flipkart.com/voltas-beko-tata-product-183-l-direct-cool-single-door-3-star-refrigerator/p/itmf863e70dfb44c?pid=RFRGZBZ4QA8Y3YAD
Voltas Beko 183 L Direct Cool Single Door 2 Star Refrigerator,25190,4150,-507,no,,4.3,"14,057",https://www.flipkart.com/voltas-beko-183-l-direct-cool-single-door-2-star-refrigerator/p/itm8b8da82c3fe62?pid=RFRGXY38JFYWEHR3
realme TechLife 205 L Direct Cool Single Door 2 Star Refrigerator  with Rapid Chill Technology and Lar...,24990,4150,-502,no,,4.2,"1,166",https://www.flipkart.com/realme-techlife-205-l-direct-cool-single-door-2-star-refrigerator-rapid-chill-technology-large-vegetable-basket/p/itmdbdd6f2498bef?pid=RFRH4EGHJ95C9YTY
Haier 215 L Direct Cool Single Door 3 Star Refrigerator with Base Drawer  with Large Storage Space1 Ho...,24990,4150,-502,no,,4.2,260,https://www.flipkart.com/haier-215-l-direct-cool-single-door-3-star-refrigerator-base-drawer-large-storage-space1-hour-icing-technology/p/itmf16defe1af01d?pid=RFRGWU8AQGVHBYUE
Kenstar 183 L Direct Cool Single Door 3 Star Refrigerator  with Large Vegetable Basket and Toughened G...,24990,4150,-502,no,,4.2,492,https://www.flipkart.com/kenstar-183-l-direct-cool-single-door-3-star-refrigerator-large-vegetable-basket-toughened-glass-shelves/p/itm6c30a89b32fbd?pid=RFRH4S9NAETWBHZZ
Kenstar 183 L Direct Cool Single Door 3 Star Refrigerator  with Large Vegetable Basket and Toughened G...,24990,4150,-502,no,,4.3,107,https://www.flipkart.com/kenstar-183-l-direct-cool-single-door-3-star-refrigerator-large-vegetable-basket-toughened-glass-shelves/p/itm432921629621b?pid=RFRH4S9NHGHDRQ2C
Liebherr 205 L Direct Cool Single Door 3 Star Refrigerator,24570,4150,-492,no,,4.4,228,https://www.flipkart.com/liebherr-205-l-direct-cool-single-door-3-star-refrigerator/p/itm4c468ad3660b3?pid=RFRGSZGMAMAUV3HZ
BOSCH 187 L Direct Cool Single Door 4 Star Refrigerator  with Industrys largest vegetable box|Industry...,24490,4150,-490,no,,4.4,122,https://www.flipkart.com/bosch-187-l-direct-cool-single-door-4-star-refrigerator-industrys-largest-vegetable-box-industrys-beverage-space-18-hour-cooling-retention-during-powercut-2-5x-faster-cooling-smart-inverter-compressor/p/itm47de44160f2dc?pid=RFRGYHF6NZXFQTBB
Haier 205 L Direct Cool Single Door 3 Star Refrigerator with Base Drawer  with DEFT TechnologyLarge St...,24390,4150,-488,no,,4.2,260,https://www.flipkart.com/haier-205-l-direct-cool-single-door-3-star-refrigerator-base-drawer-deft-technologylarge-storage-space/p/itmf385abee0111d?pid=RFRGWU8AF7UAVGBN
Lloyd by Havells 188 L Direct Cool Single Door 4 Star Refrigerator,24390,24390,0,no,,4.3,"4,797",https://www.flipkart.com/lloyd-havells-188-l-direct-cool-single-door-4-star-refrigerator/p/itm1e1cd55512ee8?pid=RFRGSGNJHXZEGJDA
Samsung 223 L Direct Cool Single Door 3 Star Refrigerator  with Digital Inverter,23999,4150,-478,no,,4.4,"13,549",https://www.flipkart.com/samsung-223-l-direct-cool-single-door-3-star-refrigerator-digital-inverter/p/itmb087e79d30bea?pid=RFRGNHK6PGY8S3NG
Acer 215 L Direct Cool Single Door 3 Star Refrigerator,23999,4150,-478,no,,4.5,25,https://www.flipkart.com/acer-215-l-direct-cool-single-door-3-star-refrigerator/p/itm1c0c8c0b78833?pid=RFRHAHFQQ3NY8FQH
Haier 190 L Direct Cool Single Door 4 Star Refrigerator with Base Drawer,23990,23990,0,no,,4.4,"1,742",https://www.flipkart.com/haier-190-l-direct-cool-single-door-4-star-refrigerator-base-drawer/p/itm8663d399fd675?pid=RFRGHQAFGBKPZUZF
Haier 190 L Direct Cool Single Door 4 Star Refrigerator,23990,4150,-478,no,,4.4,845,https://www.flipkart.com/haier-190-l-direct-cool-single-door-4-star-refrigerator/p/itm7d81200d34a96?pid=RFRGHQAFSYH6Q7MR
Midea 215 L Direct Cool Single Door 2 Star Refrigerator,23990,4150,-478,no,,,,https://www.flipkart.com/midea-215-l-direct-cool-single-door-2-star-refrigerator/p/itm4d6c7333d514e?pid=RFRHA7HJ3J4KHHYY
"IFB 187 L Direct Cool Single Door 5 Star Refrigerator with Base Drawer  with Powered by E-Tech, Extrao...",23990,4150,-478,no,,4.4,"2,888",https://www.flipkart.com/ifb-187-l-direct-cool-single-door-5-star-refrigerator-base-drawer-powered-e-tech-extraordinary-storage-drawer-quadra-crisper-humidity-controller-advanced-inverter-compressor/p/itmdb06f3826ce44?pid=RFRH3WNPGD2VHBCF
LG 185 L Direct Cool Single Door 5 Star Refrigerator with Base Drawer  with with Smart Inverter Compre...,23899,6900,-246,no,,4.4,"6,326",https://www.flipkart.com/lg-185-l-direct-cool-single-door-5-star-refrigerator-base-drawer-smart-inverter-compressor-moist-n-fresh/p/itm50e2f05416092?pid=RFRHAZZ3N7YNRFBG
LG 185 L Direct Cool Single Door 5 Star Refrigerator with Base Drawer,23799,6900,-245,no,,4.5,"1,581",https://www.flipkart.com/lg-185-l-direct-cool-single-door-5-star-refrigerator-base-drawer/p/itme1aa70e1b821d?pid=RFRHGUFYNT2XGWWS
Whirlpool 192 L Direct Cool Single Door 4 Star Refrigerator with Base Drawer,23600,6900,-242,no,,4.4,"14,441",https://www.flipkart.com/whirlpool-192-l-direct-cool-single-door-4-star-refrigerator-base-drawer/p/itm28b1e8965ca56?pid=RFRHD88YHFRWSTT6
IFB 187 L Direct Cool Single Door 4 Star Refrigerator with Base Drawer,23490,4150,-466,no,,4.4,"2,888",https://www.flipkart.com/ifb-187-l-direct-cool-single-door-4-star-refrigerator-base-drawer/p/itm59c925e051425?pid=RFRHF672TNWYXVCV
Godrej 192 L Direct Cool Single Door 3 Star Refrigerator,23490,23490,0,no,,3.8,49,https://www.flipkart.com/godrej-192-l-direct-cool-single-door-3-star-refrigerator/p/itmafa29e1cacd9c?pid=RFRGFRXN96DSR8Y2
"IFB 222 L Direct Cool Single Door 4 Star Refrigerator  with 30 Hrs Cooling Retention, Big Vegetable Bo...",28700,4150,-592,no,,4.4,"1,199",https://www.flipkart.com/ifb-222-l-direct-cool-single-door-4-star-refrigerator-30-hrs-cooling-retention-big-vegetable-box-humidity-controller-25-days-fresh-xl-bottle-bin-advanced-inverter-compressor-year-super-warranty/p/itm02422f6337e96?pid=RFRHMHB4HWRY75EA
"IFB 187 L Direct Cool Single Door 2 Star Refrigerator  with 30 Hrs Cooling Retention, Big Vegetable Bo...",19900,4150,-380,no,,4.3,4,https://www.flipkart.com/ifb-187-l-direct-cool-single-door-2-star-refrigerator-30-hrs-cooling-retention-big-vegetable-box-humidity-controller-25-days-fresh-xl-bottle-bin-4-year-super-warranty/p/itmab3a9e32c2cc7?pid=RFRHMBFERZJW3RGC
LG 201 L Direct Cool Single Door 5 Star Refrigerator with Base Drawer,28190,4150,-579,no,,4.4,"1,905",https://www.flipkart.com/lg-201-l-direct-cool-single-door-5-star-refrigerator-base-drawer/p/itm4ae878f09aace?pid=RFRHHSVKMMPHSQCG
